date,ticker,type,direction,detail,price,entry_price,result_5,result_10,current_pct,max_drawdown_pct,days_to_5,days_to_10
2026-01-27,NVDA,macd,buy,MACD bullish crossover (above SMA20),188.51,191.26,loss,loss,-1.72,-10.58,,
2026-02-11,NVDA,macd,buy,MACD bullish crossover (above SMA20),190.04,193.02,loss,loss,-5.02,-9.53,,
2026-02-25,NVDA,rel_strength,buy,"New 20-day high (+1.6% above prev, 1.4x vol)",195.55,194.26,loss,loss,-7.13,-10.1,,
2026-04-24,NVDA,rel_strength,buy,"New 20-day high (+3.5% above prev, 1.4x vol)",208.27,209.65,win,win,7.47,-7.11,11,14
2026-04-30,NVDA,adjusted_drop,buy,"Market-adjusted drop -5.62% (stock -4.63%, market +0.99%)",199.57,201.28,win,win,9.06,-3.25,5,7
2026-05-08,NVDA,macd,buy,MACD bullish crossover (above SMA20),215.2,214.04,win,win,4.82,-2.46,3,4
2026-01-26,INTC,adjusted_drop,buy,"Market-adjusted drop -6.23% (stock -5.72%, market +0.51%)",42.49,43.97,win,win,5.03,-1.98,2,2
2026-01-26,INTC,sector_drop,buy,"Sector-adjusted drop -6.41% (stock -5.72%, XLK +0.68%)",42.49,43.97,win,win,5.03,-1.98,2,2
2026-01-26,INTC,confluence,buy,"Confluence (2): adjusted_drop, sector_drop",42.49,43.97,win,win,5.03,-1.98,2,2
2026-01-28,INTC,gap_and_go,buy,Gap up +6.1% on 1.5x volume,48.78,47.56,win,loss,-6.18,-7.65,4,
2026-02-09,INTC,macd,buy,MACD bullish crossover (above SMA20),50.24,50.41,loss,loss,-14.5,-16.41,,
2026-02-10,INTC,adjusted_drop,buy,"Market-adjusted drop -5.93% (stock -6.19%, market -0.26%)",47.13,48.11,loss,loss,-5.26,-12.41,,
2026-02-10,INTC,sector_drop,buy,"Sector-adjusted drop -5.63% (stock -6.19%, XLK -0.56%)",47.13,48.11,loss,loss,-5.26,-12.41,,
2026-02-10,INTC,confluence,buy,"Confluence (2): adjusted_drop, sector_drop",47.13,48.11,loss,loss,-5.26,-12.41,,
2026-03-11,INTC,macd,buy,MACD bullish crossover (above SMA20),47.98,47.4,loss,loss,1.33,-14.28,,
2026-03-25,INTC,macd,buy,MACD bullish crossover (above SMA20),47.18,46.3,win,win,47.95,-12.25,5,7
2026-04-02,INTC,rel_strength,buy,"New 20-day high (+2.7% above prev, 1.3x vol)",50.38,50.88,win,win,62.22,-1.99,3,3
2026-04-08,INTC,gap_and_go,buy,Gap up +4.6% on 2.0x volume,58.95,58.4,win,win,62.24,-0.02,1,3
2026-04-24,INTC,gap_and_go,buy,Gap up +23.1% on 2.6x volume,82.54,83.67,win,win,30.0,-3.43,3,3
2026-04-24,INTC,rel_strength,buy,"New 20-day high (+21.2% above prev, 2.6x vol)",82.54,83.67,win,win,30.0,-3.43,3,3
2026-04-24,INTC,confluence,buy,"Confluence (2): gap_and_go, rel_strength",82.54,83.67,win,win,30.0,-3.43,3,3
2026-05-05,INTC,rel_strength,buy,"New 20-day high (+10.0% above prev, 1.4x vol)",108.15,110.98,win,win,9.72,-7.73,3,3
2026-01-26,PLUG,adjusted_drop,buy,"Market-adjusted drop -8.51% (stock -8.00%, market +0.51%)",2.3,2.31,win,win,-21.21,-22.08,1,2
2026-01-26,PLUG,sector_drop,buy,"Sector-adjusted drop -8.73% (stock -8.00%, XLU +0.73%)",2.3,2.31,win,win,-21.21,-22.08,1,2
2026-01-26,PLUG,confluence,buy,"Confluence (2): adjusted_drop, sector_drop",2.3,2.31,win,win,-21.21,-22.08,1,2
2026-02-05,PLUG,adjusted_drop,buy,"Market-adjusted drop -8.02% (stock -9.27%, market -1.25%)",1.86,1.94,win,win,-7.73,-9.28,1,3
2026-02-05,PLUG,sector_drop,buy,"Sector-adjusted drop -9.31% (stock -9.27%, XLU +0.05%)",1.86,1.94,win,win,-7.73,-9.28,1,3
2026-02-05,PLUG,confluence,buy,"Confluence (2): adjusted_drop, sector_drop",1.86,1.94,win,win,-7.73,-9.28,1,3
2026-03-03,PLUG,macd,buy,MACD bullish crossover (above SMA20),2.23,2.25,win,win,1.78,-10.67,1,1
2026-03-03,PLUG,gap_and_go,buy,Gap up +14.9% on 2.4x volume,2.23,2.25,win,win,1.78,-10.67,1,1
2026-03-03,PLUG,rel_strength,buy,"New 20-day high (+6.8% above prev, 2.4x vol)",2.23,2.25,win,win,1.78,-10.67,1,1
2026-03-03,PLUG,confluence,buy,"Confluence (2): gap_and_go, rel_strength",2.23,2.25,win,win,1.78,-10.67,1,1
2026-03-05,PLUG,adjusted_drop,buy,"Market-adjusted drop -7.10% (stock -7.66%, market -0.56%)",2.29,2.25,win,loss,0.0,-10.67,9,
2026-03-05,PLUG,sector_drop,buy,"Sector-adjusted drop -6.88% (stock -7.66%, XLU -0.78%)",2.29,2.25,win,loss,0.0,-10.67,9,
2026-03-20,PLUG,adjusted_drop,buy,"Market-adjusted drop -5.65% (stock -7.08%, market -1.43%)",2.23,2.25,win,win,23.11,-6.22,3,10
2026-04-02,PLUG,macd,buy,MACD bullish crossover (above SMA20),2.41,2.47,win,win,27.13,-1.21,1,1
2026-04-06,PLUG,rel_strength,buy,"New 20-day high (+12.2% above prev, 1.5x vol)",2.69,2.65,win,win,16.23,-7.92,3,6
2026-04-07,PLUG,adjusted_drop,buy,"Market-adjusted drop -6.36% (stock -6.32%, market +0.04%)",2.52,2.7,win,win,12.22,-4.07,2,5
2026-04-07,PLUG,sector_drop,buy,"Sector-adjusted drop -6.54% (stock -6.32%, XLU +0.22%)",2.52,2.7,win,win,12.22,-4.07,2,5
2026-04-07,PLUG,confluence,buy,"Confluence (2): adjusted_drop, sector_drop",2.52,2.7,win,win,12.22,-4.07,2,5
2026-04-20,PLUG,rel_strength,buy,"New 20-day high (+7.3% above prev, 1.7x vol)",3.22,3.22,win,win,9.32,-8.39,7,15
2026-04-29,PLUG,gap_and_go,buy,Gap up +3.6% on 1.9x volume,3.41,3.42,win,win,-3.22,-11.11,8,9
2026-04-29,PLUG,rel_strength,buy,"New 20-day high (+1.8% above prev, 1.9x vol)",3.41,3.42,win,win,-3.22,-11.11,8,9
2026-04-29,PLUG,confluence,buy,"Confluence (2): gap_and_go, rel_strength",3.41,3.42,win,win,-3.22,-11.11,8,9
2026-04-30,PLUG,adjusted_drop,buy,"Market-adjusted drop -9.21% (stock -8.21%, market +0.99%)",3.13,3.15,win,win,20.0,-3.49,3,7
2026-04-30,PLUG,sector_drop,buy,"Sector-adjusted drop -10.77% (stock -8.21%, XLU +2.56%)",3.13,3.15,win,win,20.0,-3.49,3,7
2026-05-11,PLUG,rel_strength,buy,"New 20-day high (+5.8% above prev, 2.5x vol)",3.52,3.77,win,win,8.49,-14.85,2,11
2026-01-30,SOFI,gap_and_go,buy,Gap up +4.4% on 2.6x volume,22.81,22.51,loss,loss,-19.06,-21.9,,
2026-01-30,SOFI,adjusted_drop,buy,"Market-adjusted drop -6.06% (stock -6.36%, market -0.30%)",22.81,22.51,loss,loss,-19.06,-21.9,,
2026-01-30,SOFI,sector_drop,buy,"Sector-adjusted drop -6.16% (stock -6.36%, XLF -0.21%)",22.81,22.51,loss,loss,-19.06,-21.9,,
2026-01-30,SOFI,confluence,buy,"Confluence (3): gap_and_go, adjusted_drop, sector_drop",22.81,22.51,loss,loss,-19.06,-21.9,,
2026-04-29,SOFI,adjusted_drop,buy,"Market-adjusted drop -15.43% (stock -15.44%, market -0.02%)",15.52,15.77,win,loss,-0.51,-5.39,2,
2026-04-29,SOFI,sector_drop,buy,"Sector-adjusted drop -15.58% (stock -15.44%, XLF +0.14%)",15.52,15.77,win,loss,-0.51,-5.39,2,
2026-04-29,SOFI,confluence,buy,"Confluence (2): adjusted_drop, sector_drop",15.52,15.77,win,loss,-0.51,-5.39,2,
2026-01-27,AAL,adjusted_drop,buy,"Market-adjusted drop -7.40% (stock -7.00%, market +0.40%)",13.55,13.65,win,win,3.3,-3.52,5,8
2026-01-27,AAL,sector_drop,buy,"Sector-adjusted drop -7.30% (stock -7.00%, XLY +0.30%)",13.55,13.65,win,win,3.3,-3.52,5,8
2026-01-27,AAL,confluence,buy,"Confluence (2): adjusted_drop, sector_drop",13.55,13.65,win,win,3.3,-3.52,5,8
2026-02-06,AAL,macd,buy,MACD bullish crossover (above SMA20),15.24,15.3,loss,loss,-18.17,-20.85,,
2026-02-19,AAL,adjusted_drop,buy,"Market-adjusted drop -5.06% (stock -5.32%, market -0.26%)",13.35,13.35,win,loss,-20.97,-21.87,5,
2026-04-08,AAL,rel_strength,buy,"New 20-day high (+5.2% above prev, 1.4x vol)",11.41,11.32,win,win,-0.09,-3.62,4,5
2026-04-14,AAL,gap_and_go,buy,Gap up +7.4% on 1.6x volume,12.13,12.25,win,loss,0.98,-8.82,3,
2026-04-17,AAL,rel_strength,buy,"New 20-day high (+6.8% above prev, 1.4x vol)",12.78,12.38,win,loss,7.84,-9.77,13,
2026-05-04,AAL,macd,buy,MACD bullish crossover (above SMA20),11.81,11.95,win,win,24.27,-0.67,2,3
2026-02-11,TSLA,macd,buy,MACD bullish crossover (above SMA20),428.27,430.3,loss,loss,-5.75,-10.44,,
2026-02-25,TSLA,macd,buy,MACD bullish crossover (above SMA20),417.4,414.42,loss,loss,-5.22,-7.97,,
2026-04-17,TSLA,rel_strength,buy,"New 20-day high (+3.3% above prev, 1.3x vol)",400.62,402.58,win,loss,6.4,-9.58,15,
2026-01-30,F,macd,buy,MACD bullish crossover (above SMA20),13.56,13.54,loss,loss,-0.52,-2.45,,
2026-02-12,F,rel_strength,buy,"New 20-day high (+1.6% above prev, 2.0x vol)",13.68,13.71,win,loss,-12.46,-13.33,9,
2026-02-13,F,macd,buy,MACD bullish crossover (above SMA20),13.94,13.91,win,loss,-13.48,-16.25,8,
2026-02-24,F,macd,buy,MACD bullish crossover (above SMA20),14.02,14.07,loss,loss,-16.21,-18.32,,
2026-03-02,F,adjusted_drop,buy,"Market-adjusted drop -5.02% (stock -4.97%, market +0.06%)",13.22,12.91,loss,loss,-10.02,-13.01,,
2026-01-29,NU,rel_strength,buy,"New 20-day high (+1.0% above prev, 1.4x vol)",18.76,18.53,loss,loss,-5.4,-11.66,,
2026-01-30,NU,adjusted_drop,buy,"Market-adjusted drop -5.09% (stock -5.38%, market -0.30%)",17.75,17.74,win,loss,-8.74,-9.36,2,
2026-01-30,NU,sector_drop,buy,"Sector-adjusted drop -5.18% (stock -5.38%, XLF -0.21%)",17.75,17.74,win,loss,-8.74,-9.36,2,
2026-01-30,NU,confluence,buy,"Confluence (2): adjusted_drop, sector_drop",17.75,17.74,win,loss,-8.74,-9.36,2,
2026-02-23,NU,adjusted_drop,buy,"Market-adjusted drop -6.62% (stock -7.64%, market -1.02%)",16.19,16.19,loss,loss,-11.86,-14.67,,
2026-02-26,NU,sector_drop,buy,"Sector-adjusted drop -10.76% (stock -9.55%, XLF +1.21%)",15.06,14.72,loss,loss,-3.8,-8.08,,
2026-01-29,SNAP,adjusted_drop,buy,"Market-adjusted drop -5.41% (stock -5.61%, market -0.20%)",7.24,7.14,loss,loss,-28.01,-34.87,,
2026-01-29,SNAP,sector_drop,buy,"Sector-adjusted drop -8.21% (stock -5.61%, XLC +2.60%)",7.24,7.14,loss,loss,-28.01,-34.87,,
2026-01-29,SNAP,confluence,buy,"Confluence (2): adjusted_drop, sector_drop",7.24,7.14,loss,loss,-28.01,-34.87,,
2026-04-14,SNAP,rel_strength,buy,"New 20-day high (+9.3% above prev, 1.6x vol)",5.6,6.05,win,loss,0.99,-9.83,15,
2026-04-15,SNAP,volume_spike,buy,Volume spike 2.7x (dip in uptrend),6.04,6.13,loss,loss,-0.33,-11.01,,
2026-04-15,SNAP,gap_and_go,buy,Gap up +8.0% on 2.7x volume,6.04,6.13,loss,loss,-0.33,-11.01,,
2026-04-21,SNAP,adjusted_drop,buy,"Market-adjusted drop -5.35% (stock -6.00%, market -0.65%)",5.64,5.73,win,win,-3.14,-5.15,4,8
2026-05-11,SNAP,adjusted_drop,buy,"Market-adjusted drop -5.66% (stock -5.43%, market +0.23%)",5.75,5.7,win,loss,1.05,-9.12,14,
2026-04-08,GRAB,gap_and_go,buy,Gap up +8.9% on 2.0x volume,3.63,3.63,win,win,5.23,-1.38,4,6
2026-04-16,GRAB,rel_strength,buy,"New 20-day high (+3.2% above prev, 1.4x vol)",4.02,4.12,loss,loss,-8.01,-14.56,,
2026-01-28,PLTR,adjusted_drop,buy,"Market-adjusted drop -5.03% (stock -5.04%, market -0.01%)",157.35,157.63,loss,loss,-14.43,-19.92,,
2026-02-03,PLTR,gap_and_go,buy,Gap up +11.7% on 2.8x volume,157.88,155.41,loss,loss,-13.65,-18.77,,
2026-02-05,PLTR,adjusted_drop,buy,"Market-adjusted drop -5.58% (stock -6.83%, market -1.25%)",130.01,135.33,win,loss,1.37,-6.72,2,
2026-04-08,PLTR,gap_and_go,buy,Gap up +3.1% on 1.6x volume,140.76,139.4,win,loss,-1.02,-11.99,7,
2026-04-08,PLTR,adjusted_drop,buy,"Market-adjusted drop -8.75% (stock -6.20%, market +2.55%)",140.76,139.4,win,loss,-1.02,-11.99,7,
2026-04-08,PLTR,confluence,buy,"Confluence (2): gap_and_go, adjusted_drop",140.76,139.4,win,loss,-1.02,-11.99,7,
2026-04-17,PLTR,macd,buy,MACD bullish crossover (above SMA20),146.39,145.0,win,loss,-4.97,-9.55,3,
2026-04-23,PLTR,adjusted_drop,buy,"Market-adjusted drop -6.85% (stock -7.24%, market -0.39%)",141.57,142.96,loss,loss,-6.46,-9.94,,
2026-05-01,PLTR,macd,buy,MACD bullish crossover (above SMA20),144.07,147.75,loss,loss,-7.36,-12.86,,
2026-05-05,PLTR,adjusted_drop,buy,"Market-adjusted drop -7.73% (stock -6.93%, market +0.80%)",135.91,133.71,win,loss,-0.9,-3.71,2,
2026-01-26,MARA,adjusted_drop,buy,"Market-adjusted drop -5.46% (stock -4.95%, market +0.51%)",9.98,10.05,win,loss,-25.27,-33.73,1,
2026-02-04,MARA,adjusted_drop,buy,"Market-adjusted drop -8.02% (stock -8.51%, market -0.48%)",8.28,7.8,win,win,8.33,-14.62,2,14
2026-02-05,MARA,sector_drop,buy,"Sector-adjusted drop -5.42% (stock -18.72%, BITO -13.30%)",6.73,7.23,win,win,23.65,-1.52,1,1
2026-02-06,MARA,gap_and_go,buy,Gap up +7.4% on 1.8x volume,8.24,7.85,win,win,20.38,-9.04,1,12
2026-02-17,MARA,adjusted_drop,buy,"Market-adjusted drop -5.34% (stock -5.18%, market +0.16%)",7.51,7.48,win,win,14.57,-2.27,2,3
2026-02-27,MARA,volume_spike,buy,Volume spike 2.1x (dip in uptrend),8.94,8.61,win,win,-1.74,-8.36,1,1
2026-02-27,MARA,gap_and_go,buy,Gap up +14.6% on 2.1x volume,8.94,8.61,win,win,-1.74,-8.36,1,1
2026-03-03,MARA,adjusted_drop,buy,"Market-adjusted drop -7.48% (stock -8.36%, market -0.88%)",8.66,9.11,win,win,-9.44,-13.39,8,8
2026-03-03,MARA,sector_drop,buy,"Sector-adjusted drop -7.00% (stock -8.36%, BITO -1.36%)",8.66,9.11,win,win,-9.44,-13.39,8,8
2026-03-03,MARA,confluence,buy,"Confluence (2): adjusted_drop, sector_drop",8.66,9.11,win,win,-9.44,-13.39,8,8
2026-03-13,MARA,gap_and_go,buy,Gap up +4.8% on 1.5x volume,9.32,9.76,loss,loss,-9.32,-21.82,,
2026-03-13,MARA,rel_strength,buy,"New 20-day high (+1.9% above prev, 1.5x vol)",9.32,9.76,loss,loss,-9.32,-21.82,,
2026-03-13,MARA,confluence,buy,"Confluence (2): gap_and_go, rel_strength",9.32,9.76,loss,loss,-9.32,-21.82,,
2026-03-20,MARA,adjusted_drop,buy,"Market-adjusted drop -6.81% (stock -8.24%, market -1.43%)",8.46,8.6,win,win,20.47,-11.28,1,12
2026-03-20,MARA,sector_drop,buy,"Sector-adjusted drop -8.24% (stock -8.24%, BITO +0.00%)",8.46,8.6,win,win,20.47,-11.28,1,12
2026-03-26,MARA,gap_and_go,buy,Gap up +3.6% on 2.1x volume,8.58,8.31,win,win,39.59,-8.18,5,8
2026-04-06,MARA,macd,buy,MACD bullish crossover (above SMA20),8.85,8.66,win,win,29.1,-5.31,2,2
2026-04-30,MARA,macd,buy,MACD bullish crossover (above SMA20),11.99,12.28,win,win,10.34,-8.31,4,7
2026-04-30,MARA,gap_and_go,buy,Gap up +3.5% on 1.9x volume,11.99,12.28,win,win,10.34,-8.31,4,7
2026-05-01,MARA,sector_drop,buy,"Sector-adjusted drop -7.16% (stock -4.42%, BITO +2.74%)",11.46,11.43,win,win,20.82,-1.49,2,3
2026-01-27,AMZN,macd,buy,MACD bullish crossover (above SMA20),244.68,246.37,loss,loss,-16.88,-20.44,,
2026-02-06,AMZN,adjusted_drop,buy,"Market-adjusted drop -7.47% (stock -5.55%, market +1.92%)",210.32,208.97,loss,loss,-0.28,-6.21,,
2026-02-06,AMZN,sector_drop,buy,"Sector-adjusted drop -5.96% (stock -5.55%, XLY +0.41%)",210.32,208.97,loss,loss,-0.28,-6.21,,
2026-02-06,AMZN,confluence,buy,"Confluence (2): adjusted_drop, sector_drop",210.32,208.97,loss,loss,-0.28,-6.21,,
2026-04-01,AMZN,macd,buy,MACD bullish crossover (above SMA20),210.57,206.54,win,win,23.5,-0.79,4,5
2026-04-09,AMZN,rel_strength,buy,"New 20-day high (+3.4% above prev, 1.6x vol)",233.65,235.3,win,win,12.65,-0.04,3,11
2026-04-30,AMZN,volume_spike,buy,Volume spike 2.2x (dip in uptrend),265.06,265.58,loss,loss,1.08,-3.91,,
2026-04-30,AMZN,gap_and_go,buy,Gap up +3.9% on 2.2x volume,265.06,265.58,loss,loss,1.08,-3.91,,
2026-04-30,AMZN,rel_strength,buy,"New 20-day high (+3.0% above prev, 2.2x vol)",265.06,265.58,loss,loss,1.08,-3.91,,
2026-04-30,AMZN,confluence,buy,"Confluence (2): gap_and_go, rel_strength",265.06,265.58,loss,loss,1.08,-3.91,,
2026-01-30,MU,rel_strength,buy,"New 20-day high (+2.4% above prev, 1.4x vol)",414.71,412.01,win,loss,2.13,-11.71,1,
2026-02-04,MU,adjusted_drop,buy,"Market-adjusted drop -9.06% (stock -9.55%, market -0.48%)",379.24,369.46,win,win,12.43,-0.98,1,5
2026-02-04,MU,sector_drop,buy,"Sector-adjusted drop -6.76% (stock -9.55%, XLK -2.79%)",379.24,369.46,win,win,12.43,-0.98,1,5
2026-02-04,MU,confluence,buy,"Confluence (2): adjusted_drop, sector_drop",379.24,369.46,win,win,12.43,-0.98,1,5
2026-03-03,MU,adjusted_drop,buy,"Market-adjusted drop -7.11% (stock -7.99%, market -0.88%)",379.52,393.47,win,win,0.48,-9.14,5,9
2026-03-03,MU,sector_drop,buy,"Sector-adjusted drop -6.53% (stock -7.99%, XLK -1.46%)",379.52,393.47,win,win,0.48,-9.14,5,9
2026-03-03,MU,confluence,buy,"Confluence (2): adjusted_drop, sector_drop",379.52,393.47,win,win,0.48,-9.14,5,9
2026-03-16,MU,macd,buy,MACD bullish crossover (above SMA20),441.61,452.35,loss,loss,-16.53,-31.14,,
2026-03-16,MU,rel_strength,buy,"New 20-day high (+4.1% above prev, 1.4x vol)",441.61,452.35,loss,loss,-16.53,-31.14,,
2026-03-23,MU,adjusted_drop,buy,"Market-adjusted drop -5.44% (stock -4.39%, market +1.05%)",404.18,401.11,win,win,16.09,-22.34,12,15
2026-03-23,MU,sector_drop,buy,"Sector-adjusted drop -5.74% (stock -4.39%, XLK +1.35%)",404.18,401.11,win,win,16.09,-22.34,12,15
2026-03-23,MU,confluence,buy,"Confluence (2): adjusted_drop, sector_drop",404.18,401.11,win,win,16.09,-22.34,12,15
2026-04-01,MU,gap_and_go,buy,Gap up +3.3% on 1.6x volume,367.85,341.34,win,win,41.13,-0.33,1,2
2026-04-08,MU,macd,buy,MACD bullish crossover (above SMA20),406.73,407.61,win,win,27.2,-2.25,4,4
2026-05-05,MU,gap_and_go,buy,Gap up +5.8% on 1.6x volume,640.2,660.37,win,win,40.59,-4.97,3,3
2026-05-05,MU,rel_strength,buy,"New 20-day high (+9.9% above prev, 1.6x vol)",640.2,660.37,win,win,40.59,-4.97,3,3
2026-05-05,MU,confluence,buy,"Confluence (2): gap_and_go, rel_strength",640.2,660.37,win,win,40.59,-4.97,3,3
2026-02-27,NFLX,gap_and_go,buy,Gap up +11.5% on 4.3x volume,96.24,95.26,win,loss,-3.61,-4.8,4,
2026-02-27,NFLX,rel_strength,buy,"New 20-day high (+11.8% above prev, 4.3x vol)",96.24,95.26,win,loss,-3.61,-4.8,4,
2026-02-27,NFLX,confluence,buy,"Confluence (2): gap_and_go, rel_strength",96.24,95.26,win,loss,-3.61,-4.8,4,
2026-03-02,NFLX,earnings_drift,buy,"Post-catalyst drift: gap +11.5%, move +0.9%",97.09,96.01,loss,loss,-2.74,-5.54,,
2026-04-02,NFLX,macd,buy,MACD bullish crossover (above SMA20),98.66,100.96,win,loss,-8.44,-9.07,7,
2026-04-16,NFLX,rel_strength,buy,"New 20-day high (+1.0% above prev, 1.8x vol)",107.79,96.37,loss,loss,-8.43,-10.01,,
2026-04-17,NFLX,adjusted_drop,buy,"Market-adjusted drop -10.93% (stock -9.72%, market +1.21%)",97.31,97.14,loss,loss,-9.93,-10.73,,
2026-04-17,NFLX,sector_drop,buy,"Sector-adjusted drop -9.95% (stock -9.72%, XLC +0.23%)",97.31,97.14,loss,loss,-9.93,-10.73,,
2026-04-17,NFLX,confluence,buy,"Confluence (2): adjusted_drop, sector_drop",97.31,97.14,loss,loss,-9.93,-10.73,,
2026-02-04,AAPL,rel_strength,buy,"New 20-day high (+2.6% above prev, 1.7x vol)",275.98,277.61,loss,loss,-1.77,-8.07,,
2026-02-24,AAPL,macd,buy,MACD bullish crossover (above SMA20),271.89,271.53,loss,loss,-6.46,-8.19,,
2026-04-17,AAPL,rel_strength,buy,"New 20-day high (+1.9% above prev, 1.4x vol)",269.98,270.08,win,loss,8.5,-1.95,10,
2026-05-01,AAPL,rel_strength,buy,"New 20-day high (+4.1% above prev, 1.8x vol)",279.88,279.4,win,win,10.53,-1.72,5,15
2026-01-30,OPEN,adjusted_drop,buy,"Market-adjusted drop -7.41% (stock -7.71%, market -0.30%)",5.15,5.11,win,loss,-6.46,-16.63,14,
2026-01-30,OPEN,sector_drop,buy,"Sector-adjusted drop -7.85% (stock -7.71%, XLRE +0.15%)",5.15,5.11,win,loss,-6.46,-16.63,14,
2026-01-30,OPEN,confluence,buy,"Confluence (2): adjusted_drop, sector_drop",5.15,5.11,win,loss,-6.46,-16.63,14,
2026-02-10,OPEN,sector_drop,buy,"Sector-adjusted drop -6.46% (stock -5.06%, XLRE +1.40%)",4.69,4.75,win,win,2.74,-10.32,7,7
2026-02-12,OPEN,adjusted_drop,buy,"Market-adjusted drop -6.44% (stock -7.98%, market -1.54%)",4.38,4.45,win,win,12.36,-4.27,3,5
2026-02-20,OPEN,gap_and_go,buy,Gap up +18.3% on 2.8x volume,5.0,4.91,win,win,0.81,-6.01,1,4
2026-04-15,OPEN,macd,buy,MACD bullish crossover (above SMA20),4.82,4.99,win,win,9.31,-0.9,1,2
2026-04-16,OPEN,gap_and_go,buy,Gap up +3.6% on 2.1x volume,5.27,5.37,win,win,-0.93,-7.64,3,3
2026-04-21,OPEN,volume_spike,buy,Volume spike 2.5x (dip in uptrend),5.45,5.66,loss,loss,-16.78,-19.26,,
2026-04-21,OPEN,rel_strength,buy,"New 20-day high (+8.7% above prev, 2.5x vol)",5.45,5.66,loss,loss,-16.78,-19.26,,
2026-04-23,OPEN,sector_drop,buy,"Sector-adjusted drop -5.02% (stock -3.87%, XLRE +1.15%)",5.22,5.29,win,loss,-15.5,-16.45,1,
2026-05-04,OPEN,adjusted_drop,buy,"Market-adjusted drop -5.33% (stock -5.70%, market -0.37%)",5.13,5.13,win,loss,-12.67,-19.1,2,
2026-05-04,OPEN,sector_drop,buy,"Sector-adjusted drop -5.16% (stock -5.70%, XLRE -0.54%)",5.13,5.13,win,loss,-12.67,-19.1,2,
2026-05-04,OPEN,confluence,buy,"Confluence (2): adjusted_drop, sector_drop",5.13,5.13,win,loss,-12.67,-19.1,2,
2026-01-29,NIO,macd,buy,MACD bullish crossover (above SMA20),4.77,4.93,win,loss,2.84,-11.16,6,
2026-01-29,NIO,gap_and_go,buy,Gap up +3.5% on 1.6x volume,4.77,4.93,win,loss,2.84,-11.16,6,
2026-02-05,NIO,volume_spike,buy,Volume spike 2.9x (dip in uptrend),4.7,4.99,win,loss,-2.4,-5.21,11,
2026-02-06,NIO,gap_and_go,buy,Gap up +6.2% on 2.0x volume,5.04,4.91,win,loss,-3.87,-5.5,10,
2026-02-06,NIO,rel_strength,buy,"New 20-day high (+4.0% above prev, 2.0x vol)",5.04,4.91,win,loss,-3.87,-5.5,10,
2026-02-06,NIO,confluence,buy,"Confluence (2): gap_and_go, rel_strength",5.04,4.91,win,loss,-3.87,-5.5,10,
2026-03-10,NIO,macd,buy,MACD bullish crossover (above SMA20),5.7,5.69,win,loss,5.98,-7.03,4,
2026-03-10,NIO,gap_and_go,buy,Gap up +6.5% on 4.1x volume,5.7,5.69,win,loss,5.98,-7.03,4,
2026-03-10,NIO,rel_strength,buy,"New 20-day high (+5.7% above prev, 4.1x vol)",5.7,5.69,win,loss,5.98,-7.03,4,
2026-03-10,NIO,confluence,buy,"Confluence (2): gap_and_go, rel_strength",5.7,5.69,win,loss,5.98,-7.03,4,
2026-03-20,NIO,adjusted_drop,buy,"Market-adjusted drop -6.38% (stock -7.81%, market -1.43%)",5.43,5.62,win,win,15.12,-5.87,2,8
2026-03-20,NIO,sector_drop,buy,"Sector-adjusted drop -6.02% (stock -7.81%, XLY -1.79%)",5.43,5.62,win,win,15.12,-5.87,2,8
2026-03-20,NIO,confluence,buy,"Confluence (2): adjusted_drop, sector_drop",5.43,5.62,win,win,15.12,-5.87,2,8
2026-04-01,NIO,macd,buy,MACD bullish crossover (above SMA20),6.2,5.97,win,win,5.19,0,1,5
2026-04-09,NIO,gap_and_go,buy,Gap up +3.1% on 1.6x volume,6.07,6.14,win,win,4.07,-1.47,1,5
2026-04-09,NIO,rel_strength,buy,"New 20-day high (+1.4% above prev, 1.6x vol)",6.07,6.14,win,win,4.07,-1.47,1,5
2026-04-09,NIO,adjusted_drop,buy,"Market-adjusted drop -5.44% (stock -4.86%, market +0.58%)",6.07,6.14,win,win,4.07,-1.47,1,5
2026-04-09,NIO,sector_drop,buy,"Sector-adjusted drop -6.59% (stock -4.86%, XLY +1.73%)",6.07,6.14,win,win,4.07,-1.47,1,5
2026-04-09,NIO,confluence,buy,"Confluence (4): gap_and_go, rel_strength, adjusted_drop, sector_drop",6.07,6.14,win,win,4.07,-1.47,1,5
2026-05-01,NIO,adjusted_drop,buy,"Market-adjusted drop -7.79% (stock -7.51%, market +0.28%)",5.91,5.95,win,win,-12.61,-13.95,8,8
2026-05-01,NIO,sector_drop,buy,"Sector-adjusted drop -7.75% (stock -7.51%, XLY +0.24%)",5.91,5.95,win,win,-12.61,-13.95,8,8
2026-05-01,NIO,confluence,buy,"Confluence (2): adjusted_drop, sector_drop",5.91,5.95,win,win,-12.61,-13.95,8,8
2026-01-26,IREN,adjusted_drop,buy,"Market-adjusted drop -8.13% (stock -7.62%, market +0.51%)",52.36,53.46,win,win,-23.36,-31.69,1,1
2026-01-26,IREN,sector_drop,buy,"Sector-adjusted drop -5.52% (stock -7.62%, BITO -2.10%)",52.36,53.46,win,win,-23.36,-31.69,1,1
2026-01-26,IREN,confluence,buy,"Confluence (2): adjusted_drop, sector_drop",52.36,53.46,win,win,-23.36,-31.69,1,1
2026-01-27,IREN,rel_strength,buy,"New 20-day high (+2.1% above prev, 1.4x vol)",59.99,60.07,win,loss,-29.95,-39.2,1,
2026-02-04,IREN,adjusted_drop,buy,"Market-adjusted drop -16.89% (stock -17.37%, market -0.48%)",44.94,42.64,win,win,3.75,-14.35,1,3
2026-02-04,IREN,sector_drop,buy,"Sector-adjusted drop -13.40% (stock -17.37%, BITO -3.97%)",44.94,42.64,win,win,3.75,-14.35,1,3
2026-02-04,IREN,confluence,buy,"Confluence (2): adjusted_drop, sector_drop",44.94,42.64,win,win,3.75,-14.35,1,3
2026-02-20,IREN,adjusted_drop,buy,"Market-adjusted drop -8.37% (stock -7.65%, market +0.72%)",39.98,39.19,win,win,6.1,-9.08,1,2
2026-02-20,IREN,sector_drop,buy,"Sector-adjusted drop -8.62% (stock -7.65%, BITO +0.97%)",39.98,39.19,win,win,6.1,-9.08,1,2
2026-02-20,IREN,confluence,buy,"Confluence (2): adjusted_drop, sector_drop",39.98,39.19,win,win,6.1,-9.08,1,2
2026-03-04,IREN,macd,buy,MACD bullish crossover (above SMA20),43.84,41.19,win,win,0.58,-13.5,7,8
2026-03-12,IREN,macd,buy,MACD bullish crossover (above SMA20),41.37,42.62,win,loss,-18.43,-27.84,2,
2026-04-14,IREN,rel_strength,buy,"New 20-day high (+5.1% above prev, 1.5x vol)",47.37,47.25,win,win,15.85,-10.67,2,7
2026-04-21,IREN,adjusted_drop,buy,"Market-adjusted drop -6.63% (stock -7.29%, market -0.65%)",45.17,46.8,win,win,20.85,-9.81,2,2
2026-04-21,IREN,sector_drop,buy,"Sector-adjusted drop -5.66% (stock -7.29%, BITO -1.63%)",45.17,46.8,win,win,20.85,-9.81,2,2
2026-04-21,IREN,confluence,buy,"Confluence (2): adjusted_drop, sector_drop",45.17,46.8,win,win,20.85,-9.81,2,2
2026-04-23,IREN,rel_strength,buy,"New 20-day high (+6.8% above prev, 1.7x vol)",52.02,53.24,win,win,9.69,-20.72,8,9
2026-05-05,IREN,macd,buy,MACD bullish crossover (above SMA20),54.74,56.24,win,win,20.62,-18.21,1,2
2026-05-05,IREN,rel_strength,buy,"New 20-day high (+3.7% above prev, 1.4x vol)",54.74,56.24,win,win,20.62,-18.21,1,2
2026-05-07,IREN,volume_spike,buy,Volume spike 2.2x (dip in uptrend),56.85,63.85,win,loss,-0.48,-27.95,13,
2026-05-07,IREN,adjusted_drop,buy,"Market-adjusted drop -6.47% (stock -6.77%, market -0.31%)",56.85,63.85,win,loss,-0.48,-27.95,13,
2026-05-07,IREN,sector_drop,buy,"Sector-adjusted drop -5.07% (stock -6.77%, BITO -1.70%)",56.85,63.85,win,loss,-0.48,-27.95,13,
2026-05-07,IREN,confluence,buy,"Confluence (2): adjusted_drop, sector_drop",56.85,63.85,win,loss,-0.48,-27.95,13,
2026-05-08,IREN,gap_and_go,buy,Gap up +12.3% on 2.7x volume,61.2,54.97,win,win,18.85,-16.32,1,1
2026-01-28,T,macd,buy,MACD bullish crossover (above SMA20),23.82,24.2,win,win,14.03,-0.08,2,4
2026-01-29,T,rel_strength,buy,"New 20-day high (+1.8% above prev, 1.7x vol)",24.87,25.24,win,win,9.73,-1.37,3,9
2026-02-12,T,rel_strength,buy,"New 20-day high (+2.4% above prev, 1.4x vol)",28.5,28.38,loss,loss,-0.14,-4.43,,
2026-03-24,T,macd,buy,MACD bullish crossover (above SMA20),28.57,28.68,loss,loss,-11.23,-13.04,,
2026-04-08,T,adjusted_drop,buy,"Market-adjusted drop -5.01% (stock -2.46%, market +2.55%)",27.07,26.95,loss,loss,-4.45,-7.45,,
2026-02-02,BAC,macd,buy,MACD bullish crossover (above SMA20),53.73,53.9,loss,loss,-6.99,-8.73,,
2026-04-15,BAC,rel_strength,buy,"New 20-day high (+3.4% above prev, 1.7x vol)",54.32,54.04,loss,loss,-0.81,-4.09,,
2026-01-30,AMD,adjusted_drop,buy,"Market-adjusted drop -5.83% (stock -6.13%, market -0.30%)",236.73,235.77,win,loss,-16.61,-19.11,1,
2026-02-04,AMD,sector_drop,buy,"Sector-adjusted drop -14.53% (stock -17.31%, XLK -2.79%)",200.19,201.86,win,loss,0.9,-5.52,3,
2026-02-24,AMD,gap_and_go,buy,Gap up +7.6% on 2.1x volume,213.84,214.82,loss,loss,-8.62,-12.38,,
2026-03-25,AMD,rel_strength,buy,"New 20-day high (+2.1% above prev, 1.5x vol)",220.27,217.98,win,win,27.65,-11.52,9,11
2026-03-26,AMD,adjusted_drop,buy,"Market-adjusted drop -5.70% (stock -7.49%, market -1.79%)",203.77,201.77,win,win,37.97,-4.41,4,6
2026-04-16,AMD,rel_strength,buy,"New 20-day high (+8.2% above prev, 1.9x vol)",278.26,281.0,win,win,45.36,-3.2,4,5
2026-04-24,AMD,gap_and_go,buy,Gap up +10.3% on 2.2x volume,347.81,346.32,win,win,22.46,-10.49,8,8
2026-04-24,AMD,rel_strength,buy,"New 20-day high (+13.8% above prev, 2.2x vol)",347.81,346.32,win,win,22.46,-10.49,8,8
2026-04-24,AMD,confluence,buy,"Confluence (2): gap_and_go, rel_strength",347.81,346.32,win,win,22.46,-10.49,8,8
2026-05-04,AMD,sector_drop,buy,"Sector-adjusted drop -5.38% (stock -5.27%, XLK +0.11%)",341.54,351.51,win,win,43.35,-1.89,2,2
2026-05-06,AMD,gap_and_go,buy,Gap up +15.3% on 2.1x volume,421.39,417.07,win,win,24.22,-5.68,2,3
2026-05-06,AMD,rel_strength,buy,"New 20-day high (+18.7% above prev, 2.1x vol)",421.39,417.07,win,win,24.22,-5.68,2,3
2026-05-06,AMD,confluence,buy,"Confluence (2): gap_and_go, rel_strength",421.39,417.07,win,win,24.22,-5.68,2,3
2026-01-27,PFE,rel_strength,buy,"New 20-day high (+3.5% above prev, 1.7x vol)",26.07,25.84,win,loss,4.19,-3.84,10,
2026-03-19,PFE,macd,buy,MACD bullish crossover (above SMA20),26.96,26.96,loss,loss,-1.79,-3.54,,
2026-03-30,PFE,macd,buy,MACD bullish crossover (above SMA20),27.32,27.54,loss,loss,-2.43,-4.68,,
2026-02-04,SMCI,macd,buy,MACD bullish crossover (above SMA20),33.76,33.02,win,loss,-2.24,-11.11,2,
2026-02-04,SMCI,gap_and_go,buy,Gap up +11.1% on 3.6x volume,33.76,33.02,win,loss,-2.24,-11.11,2,
2026-02-04,SMCI,rel_strength,buy,"New 20-day high (+3.9% above prev, 3.6x vol)",33.76,33.02,win,loss,-2.24,-11.11,2,
2026-02-04,SMCI,confluence,buy,"Confluence (2): gap_and_go, rel_strength",33.76,33.02,win,loss,-2.24,-11.11,2,
2026-02-05,SMCI,adjusted_drop,buy,"Market-adjusted drop -7.37% (stock -8.62%, market -1.25%)",30.85,31.84,win,loss,1.73,-7.82,1,
2026-02-05,SMCI,sector_drop,buy,"Sector-adjusted drop -6.82% (stock -8.62%, XLK -1.80%)",30.85,31.84,win,loss,1.73,-7.82,1,
2026-02-20,SMCI,macd,buy,MACD bullish crossover (above SMA20),32.42,31.76,win,loss,-3.18,-6.55,3,
2026-03-04,SMCI,macd,buy,MACD bullish crossover (above SMA20),32.65,32.32,loss,loss,-25.59,-39.73,,
2026-03-20,SMCI,adjusted_drop,buy,"Market-adjusted drop -31.89% (stock -33.32%, market -1.43%)",20.53,20.31,win,win,27.87,-4.09,1,2
2026-03-20,SMCI,sector_drop,buy,"Sector-adjusted drop -31.05% (stock -33.32%, XLK -2.27%)",20.53,20.31,win,win,27.87,-4.09,1,2
2026-03-20,SMCI,confluence,buy,"Confluence (2): adjusted_drop, sector_drop",20.53,20.31,win,win,27.87,-4.09,1,2
2026-04-23,SMCI,adjusted_drop,buy,"Market-adjusted drop -7.94% (stock -8.33%, market -0.39%)",26.75,27.53,win,win,19.98,-7.52,1,9
2026-04-23,SMCI,sector_drop,buy,"Sector-adjusted drop -6.90% (stock -8.33%, XLK -1.42%)",26.75,27.53,win,win,19.98,-7.52,1,9
2026-04-23,SMCI,confluence,buy,"Confluence (2): adjusted_drop, sector_drop",26.75,27.53,win,win,19.98,-7.52,1,9
2026-05-06,SMCI,gap_and_go,buy,Gap up +13.0% on 4.1x volume,34.66,34.01,win,win,21.43,-13.35,3,13
2026-05-06,SMCI,rel_strength,buy,"New 20-day high (+15.9% above prev, 4.1x vol)",34.66,34.01,win,win,21.43,-13.35,3,13
2026-05-06,SMCI,confluence,buy,"Confluence (2): gap_and_go, rel_strength",34.66,34.01,win,win,21.43,-13.35,3,13
2026-05-11,SMCI,adjusted_drop,buy,"Market-adjusted drop -5.46% (stock -5.23%, market +0.23%)",33.52,33.04,win,win,51.85,-10.81,9,10
2026-05-11,SMCI,sector_drop,buy,"Sector-adjusted drop -6.57% (stock -5.23%, XLK +1.34%)",33.52,33.04,win,win,51.85,-10.81,9,10
2026-01-30,HIMS,adjusted_drop,buy,"Market-adjusted drop -9.01% (stock -9.31%, market -0.30%)",27.09,27.11,loss,loss,-42.79,-44.1,,
2026-01-30,HIMS,sector_drop,buy,"Sector-adjusted drop -9.91% (stock -9.31%, XLV +0.60%)",27.09,27.11,loss,loss,-42.79,-44.1,,
2026-01-30,HIMS,confluence,buy,"Confluence (2): adjusted_drop, sector_drop",27.09,27.11,loss,loss,-42.79,-44.1,,
2026-02-04,HIMS,gap_and_go,buy,Gap up +6.5% on 1.8x volume,24.4,26.8,loss,loss,-41.79,-48.73,,
2026-02-09,HIMS,adjusted_drop,buy,"Market-adjusted drop -16.51% (stock -16.03%, market +0.48%)",19.33,18.7,loss,loss,-15.4,-26.52,,
2026-02-09,HIMS,sector_drop,buy,"Sector-adjusted drop -15.15% (stock -16.03%, XLV -0.88%)",19.33,18.7,loss,loss,-15.4,-26.52,,
2026-02-09,HIMS,confluence,buy,"Confluence (2): adjusted_drop, sector_drop",19.33,18.7,loss,loss,-15.4,-26.52,,
2026-03-09,HIMS,volume_spike,buy,Volume spike 4.7x (dip in uptrend),22.16,24.0,win,win,-21.75,-22.42,1,2
2026-03-09,HIMS,gap_and_go,buy,Gap up +47.5% on 4.7x volume,22.16,24.0,win,win,-21.75,-22.42,1,2
2026-03-10,HIMS,rel_strength,buy,"New 20-day high (+10.7% above prev, 2.7x vol)",23.47,23.12,win,win,-10.21,-19.46,1,1
2026-03-10,HIMS,earnings_drift,buy,"Post-catalyst drift: gap +47.5%, move +5.9%",23.47,23.12,win,win,-10.21,-19.46,1,1
2026-03-10,HIMS,confluence,buy,"Confluence (2): rel_strength, earnings_drift",23.47,23.12,win,win,-10.21,-19.46,1,1
2026-03-12,HIMS,adjusted_drop,buy,"Market-adjusted drop -6.36% (stock -7.88%, market -1.52%)",23.84,24.07,loss,loss,-20.48,-22.64,,
2026-03-12,HIMS,sector_drop,buy,"Sector-adjusted drop -6.12% (stock -7.88%, XLV -1.76%)",23.84,24.07,loss,loss,-20.48,-22.64,,
2026-03-20,HIMS,adjusted_drop,buy,"Market-adjusted drop -7.42% (stock -8.86%, market -1.43%)",22.02,22.6,loss,loss,-6.42,-17.61,,
2026-03-20,HIMS,sector_drop,buy,"Sector-adjusted drop -7.98% (stock -8.86%, XLV -0.87%)",22.02,22.6,loss,loss,-6.42,-17.61,,
2026-03-20,HIMS,confluence,buy,"Confluence (2): adjusted_drop, sector_drop",22.02,22.6,loss,loss,-6.42,-17.61,,
2026-04-14,HIMS,macd,buy,MACD bullish crossover (above SMA20),21.36,21.72,win,win,21.22,-2.03,1,1
2026-04-16,HIMS,gap_and_go,buy,Gap up +7.7% on 3.2x volume,26.99,27.67,win,win,-7.3,-8.38,1,2
2026-04-16,HIMS,rel_strength,buy,"New 20-day high (+11.1% above prev, 3.2x vol)",26.99,27.67,win,win,-7.3,-8.38,1,2
2026-04-16,HIMS,confluence,buy,"Confluence (2): gap_and_go, rel_strength",26.99,27.67,win,win,-7.3,-8.38,1,2
2026-04-17,HIMS,earnings_drift,buy,"Post-catalyst drift: gap +7.7%, move +6.8%",28.82,28.53,win,win,-0.93,-11.16,1,1
2026-04-28,HIMS,sector_drop,buy,"Sector-adjusted drop -5.30% (stock -5.04%, XLV +0.26%)",27.91,27.62,win,win,-18.75,-22.05,9,9
2026-04-29,HIMS,adjusted_drop,buy,"Market-adjusted drop -5.65% (stock -5.66%, market -0.02%)",26.33,26.26,win,win,-12.26,-18.01,2,8
2026-01-29,BBAI,adjusted_drop,buy,"Market-adjusted drop -7.95% (stock -8.15%, market -0.20%)",5.52,5.41,loss,loss,-28.65,-29.39,,
2026-02-10,BBAI,adjusted_drop,buy,"Market-adjusted drop -6.10% (stock -6.37%, market -0.26%)",4.56,4.61,loss,loss,-16.92,-20.39,,
2026-02-20,BBAI,adjusted_drop,buy,"Market-adjusted drop -8.60% (stock -7.88%, market +0.72%)",3.86,3.8,win,win,3.68,-3.42,3,6
2026-04-17,BBAI,gap_and_go,buy,Gap up +3.7% on 1.7x volume,3.85,3.75,win,win,11.47,-3.73,2,7
2026-04-17,BBAI,rel_strength,buy,"New 20-day high (+4.6% above prev, 1.7x vol)",3.85,3.75,win,win,11.47,-3.73,2,7
2026-04-17,BBAI,confluence,buy,"Confluence (2): gap_and_go, rel_strength",3.85,3.75,win,win,11.47,-3.73,2,7
2026-04-23,BBAI,adjusted_drop,buy,"Market-adjusted drop -6.13% (stock -6.52%, market -0.39%)",3.73,3.79,win,win,15.57,-4.75,3,4
2026-04-29,BBAI,rel_strength,buy,"New 20-day high (+1.4% above prev, 1.9x vol)",3.82,3.76,win,win,8.51,-0.66,1,2
2026-01-27,MSFT,macd,buy,MACD bullish crossover (above SMA20),478.45,481.07,loss,loss,-17.3,-18.81,,
2026-01-29,MSFT,adjusted_drop,buy,"Market-adjusted drop -9.79% (stock -9.99%, market -0.20%)",431.58,437.22,loss,loss,-9.34,-10.67,,
2026-01-29,MSFT,sector_drop,buy,"Sector-adjusted drop -8.41% (stock -9.99%, XLK -1.58%)",431.58,437.22,loss,loss,-9.34,-10.67,,
2026-01-29,MSFT,confluence,buy,"Confluence (2): adjusted_drop, sector_drop",431.58,437.22,loss,loss,-9.34,-10.67,,
2026-04-15,MSFT,rel_strength,buy,"New 20-day high (+2.5% above prev, 1.4x vol)",410.33,418.95,loss,loss,-1.41,-5.2,,
2026-04-30,MSFT,volume_spike,buy,Volume spike 2.2x (dip in uptrend),406.9,411.91,loss,loss,1.74,-2.89,,
2026-01-26,DNN,adjusted_drop,buy,"Market-adjusted drop -5.64% (stock -5.13%, market +0.51%)",3.7,3.71,win,win,2.7,-7.55,1,2
2026-01-28,DNN,rel_strength,buy,"New 20-day high (+6.7% above prev, 1.5x vol)",4.31,4.37,loss,loss,-6.41,-21.51,,
2026-02-04,DNN,adjusted_drop,buy,"Market-adjusted drop -9.52% (stock -10.00%, market -0.48%)",3.69,3.58,win,win,18.99,-4.19,3,3
2026-02-24,DNN,macd,buy,MACD bullish crossover (above SMA20),4.3,4.36,loss,loss,-14.91,-18.58,,
2026-03-03,DNN,adjusted_drop,buy,"Market-adjusted drop -7.59% (stock -8.47%, market -0.88%)",4.0,4.08,loss,loss,-13.97,-20.59,,
2026-03-16,DNN,adjusted_drop,buy,"Market-adjusted drop -5.21% (stock -4.19%, market +1.02%)",3.66,3.68,loss,loss,-5.16,-11.96,,
2026-04-02,DNN,macd,buy,MACD bullish crossover (above SMA20),3.66,3.66,win,win,3.83,-7.1,8,10
2026-05-05,DNN,adjusted_drop,buy,"Market-adjusted drop -5.06% (stock -4.26%, market +0.80%)",3.6,3.65,win,loss,-7.12,-15.34,1,
2026-01-29,CMCSA,rel_strength,buy,"New 20-day high (+2.1% above prev, 1.9x vol)",28.9,29.3,win,win,5.74,-2.5,4,9
2026-01-30,CMCSA,macd,buy,MACD bullish crossover (above SMA20),29.41,29.28,win,win,6.79,-0.74,3,8
2026-04-23,CMCSA,gap_and_go,buy,Gap up +3.8% on 1.8x volume,31.64,30.96,loss,loss,-18.7,-20.77,,
2026-04-23,CMCSA,rel_strength,buy,"New 20-day high (+6.4% above prev, 1.8x vol)",31.64,30.96,loss,loss,-18.7,-20.77,,
2026-04-23,CMCSA,confluence,buy,"Confluence (2): gap_and_go, rel_strength",31.64,30.96,loss,loss,-18.7,-20.77,,
2026-04-24,CMCSA,adjusted_drop,buy,"Market-adjusted drop -13.67% (stock -12.90%, market +0.77%)",27.56,27.45,loss,loss,-9.8,-10.64,,
2026-04-24,CMCSA,sector_drop,buy,"Sector-adjusted drop -11.32% (stock -12.90%, XLC -1.58%)",27.56,27.45,loss,loss,-9.8,-10.64,,
2026-01-29,PATH,adjusted_drop,buy,"Market-adjusted drop -5.90% (stock -6.09%, market -0.20%)",13.25,13.24,loss,loss,-18.43,-19.71,,
2026-02-11,PATH,adjusted_drop,buy,"Market-adjusted drop -9.71% (stock -9.73%, market -0.02%)",11.69,11.81,loss,loss,-2.2,-19.86,,
2026-03-11,PATH,gap_and_go,buy,Gap up +3.5% on 3.3x volume,12.38,10.95,win,win,0.64,-3.93,1,2
2026-05-01,PATH,gap_and_go,buy,Gap up +3.2% on 1.6x volume,10.67,10.68,win,loss,2.39,-13.82,12,
2026-01-26,ACHR,adjusted_drop,buy,"Market-adjusted drop -7.24% (stock -6.74%, market +0.51%)",8.03,8.15,loss,loss,-16.32,-21.96,,
2026-01-26,ACHR,sector_drop,buy,"Sector-adjusted drop -6.83% (stock -6.74%, XLI +0.10%)",8.03,8.15,loss,loss,-16.32,-21.96,,
2026-01-26,ACHR,confluence,buy,"Confluence (2): adjusted_drop, sector_drop",8.03,8.15,loss,loss,-16.32,-21.96,,
2026-02-05,ACHR,adjusted_drop,buy,"Market-adjusted drop -5.37% (stock -6.62%, market -1.25%)",6.49,6.8,win,win,4.78,-3.31,1,3
2026-02-05,ACHR,sector_drop,buy,"Sector-adjusted drop -6.02% (stock -6.62%, XLI -0.60%)",6.49,6.8,win,win,4.78,-3.31,1,3
2026-02-05,ACHR,confluence,buy,"Confluence (2): adjusted_drop, sector_drop",6.49,6.8,win,win,4.78,-3.31,1,3
2026-05-07,ACHR,volume_spike,buy,Volume spike 2.2x (dip in uptrend),6.28,6.3,win,win,8.1,-11.27,2,14
2026-05-11,ACHR,rel_strength,buy,"New 20-day high (+3.3% above prev, 2.2x vol)",6.54,6.39,win,win,5.48,-12.52,2,12
2026-01-26,BITF,adjusted_drop,buy,"Market-adjusted drop -5.98% (stock -5.47%, market +0.51%)",2.59,2.56,loss,loss,-17.97,-34.38,,
2026-02-04,BITF,adjusted_drop,buy,"Market-adjusted drop -11.25% (stock -11.74%, market -0.48%)",2.03,1.9,win,win,22.83,-11.44,2,2
2026-02-04,BITF,sector_drop,buy,"Sector-adjusted drop -7.77% (stock -11.74%, BITO -3.97%)",2.03,1.9,win,win,22.83,-11.44,2,2
2026-02-04,BITF,confluence,buy,"Confluence (2): adjusted_drop, sector_drop",2.03,1.9,win,win,22.83,-11.44,2,2
2026-03-20,BITF,adjusted_drop,buy,"Market-adjusted drop -7.77% (stock -9.21%, market -1.43%)",2.17,2.22,win,loss,5.86,-19.14,1,
2026-03-20,BITF,sector_drop,buy,"Sector-adjusted drop -9.21% (stock -9.21%, BITO +0.00%)",2.17,2.22,win,loss,5.86,-19.14,1,
2026-03-20,BITF,confluence,buy,"Confluence (2): adjusted_drop, sector_drop",2.17,2.22,win,loss,5.86,-19.14,1,
2026-04-14,BITF,rel_strength,buy,"New 20-day high (+19.9% above prev, 1.6x vol)",2.84,2.88,win,win,22.57,-6.25,6,7
2026-04-23,BITF,gap_and_go,buy,Gap up +4.6% on 2.0x volume,3.24,3.5,win,win,31.71,-22.86,9,9
2026-04-23,BITF,rel_strength,buy,"New 20-day high (+14.5% above prev, 2.0x vol)",3.24,3.5,win,win,31.71,-22.86,9,9
2026-04-23,BITF,confluence,buy,"Confluence (2): gap_and_go, rel_strength",3.24,3.5,win,win,31.71,-22.86,9,9
2026-04-28,BITF,adjusted_drop,buy,"Market-adjusted drop -7.48% (stock -7.96%, market -0.49%)",2.89,2.86,win,win,47.1,-5.66,2,3
2026-04-28,BITF,sector_drop,buy,"Sector-adjusted drop -7.20% (stock -7.96%, BITO -0.76%)",2.89,2.86,win,win,47.1,-5.66,2,3
2026-05-06,BITF,gap_and_go,buy,Gap up +4.5% on 2.1x volume,4.12,3.94,win,win,42.64,-9.64,2,3
2026-05-06,BITF,rel_strength,buy,"New 20-day high (+17.7% above prev, 2.1x vol)",4.12,3.94,win,win,42.64,-9.64,2,3
2026-05-06,BITF,confluence,buy,"Confluence (2): gap_and_go, rel_strength",4.12,3.94,win,win,42.64,-9.64,2,3
2026-02-02,HOOD,adjusted_drop,buy,"Market-adjusted drop -10.12% (stock -9.62%, market +0.50%)",89.91,90.1,loss,loss,-18.55,-23.17,,
2026-02-02,HOOD,sector_drop,buy,"Sector-adjusted drop -10.72% (stock -9.62%, XLF +1.10%)",89.91,90.1,loss,loss,-18.55,-23.17,,
2026-02-02,HOOD,confluence,buy,"Confluence (2): adjusted_drop, sector_drop",89.91,90.1,loss,loss,-18.55,-23.17,,
2026-02-06,HOOD,gap_and_go,buy,Gap up +7.1% on 2.0x volume,82.82,84.88,loss,loss,-7.19,-18.45,,
2026-02-11,HOOD,adjusted_drop,buy,"Market-adjusted drop -8.89% (stock -8.91%, market -0.02%)",77.97,78.87,win,loss,2.14,-12.24,14,
2026-02-11,HOOD,sector_drop,buy,"Sector-adjusted drop -7.40% (stock -8.91%, XLF -1.51%)",77.97,78.87,win,loss,2.14,-12.24,14,
2026-02-11,HOOD,confluence,buy,"Confluence (2): adjusted_drop, sector_drop",77.97,78.87,win,loss,2.14,-12.24,14,
2026-04-14,HOOD,gap_and_go,buy,Gap up +4.8% on 1.7x volume,79.09,83.55,win,win,-7.8,-16.3,2,3
2026-04-14,HOOD,rel_strength,buy,"New 20-day high (+1.8% above prev, 1.7x vol)",79.09,83.55,win,win,-7.8,-16.3,2,3
2026-04-14,HOOD,confluence,buy,"Confluence (2): gap_and_go, rel_strength",79.09,83.55,win,win,-7.8,-16.3,2,3
2026-04-23,HOOD,adjusted_drop,buy,"Market-adjusted drop -5.14% (stock -5.53%, market -0.39%)",83.54,84.9,loss,loss,-4.95,-17.63,,
2026-04-29,HOOD,sector_drop,buy,"Sector-adjusted drop -13.38% (stock -13.24%, XLF +0.14%)",71.2,71.18,win,win,6.43,-0.59,2,4
2026-02-04,GOOGL,volume_spike,buy,Volume spike 2.2x (dip in uptrend),332.81,312.0,win,loss,-1.55,-5.11,1,
2026-04-30,GOOGL,gap_and_go,buy,Gap up +6.9% on 2.9x volume,384.8,381.63,win,loss,1.58,-0.68,6,
2026-04-30,GOOGL,rel_strength,buy,"New 20-day high (+8.4% above prev, 2.9x vol)",384.8,381.63,win,loss,1.58,-0.68,6,
2026-04-30,GOOGL,confluence,buy,"Confluence (2): gap_and_go, rel_strength",384.8,381.63,win,loss,1.58,-0.68,6,
2026-01-26,RGTI,adjusted_drop,buy,"Market-adjusted drop -7.71% (stock -7.21%, market +0.51%)",21.76,22.15,loss,loss,-29.6,-33.24,,
2026-02-04,RGTI,adjusted_drop,buy,"Market-adjusted drop -5.12% (stock -5.60%, market -0.48%)",17.19,16.52,win,win,12.83,-10.5,2,15
2026-02-12,RGTI,adjusted_drop,buy,"Market-adjusted drop -7.22% (stock -8.76%, market -1.54%)",14.99,15.5,win,win,9.74,-4.26,2,8
2026-02-26,RGTI,gap_and_go,buy,Gap up +3.8% on 1.8x volume,18.64,18.11,loss,loss,-14.93,-18.68,,
2026-04-14,RGTI,gap_and_go,buy,Gap up +3.9% on 2.4x volume,16.87,17.88,win,win,2.21,-14.41,1,2
2026-04-14,RGTI,rel_strength,buy,"New 20-day high (+2.3% above prev, 2.4x vol)",16.87,17.88,win,win,2.21,-14.41,1,2
2026-04-14,RGTI,confluence,buy,"Confluence (2): gap_and_go, rel_strength",16.87,17.88,win,win,2.21,-14.41,1,2
2026-04-16,RGTI,volume_spike,buy,Volume spike 2.3x (dip in uptrend),19.45,19.91,loss,loss,-7.89,-23.15,,
2026-04-16,RGTI,earnings_drift,buy,"Post-catalyst drift: gap +6.0%, move +1.8%",19.45,19.91,loss,loss,-7.89,-23.15,,
2026-04-21,RGTI,adjusted_drop,buy,"Market-adjusted drop -6.42% (stock -7.08%, market -0.65%)",18.25,18.78,win,win,1.52,-18.55,11,14
2026-05-05,RGTI,macd,buy,MACD bullish crossover (above SMA20),18.27,18.71,win,win,31.59,-17.37,1,4
2026-05-07,RGTI,adjusted_drop,buy,"Market-adjusted drop -8.40% (stock -8.71%, market -0.31%)",18.34,18.83,win,win,35.6,-17.92,2,2
2026-05-11,RGTI,rel_strength,buy,"New 20-day high (+3.4% above prev, 1.4x vol)",20.51,20.5,win,win,31.12,-24.59,8,9
2026-01-26,SMR,adjusted_drop,buy,"Market-adjusted drop -7.44% (stock -6.93%, market +0.51%)",18.4,18.55,win,win,-23.07,-28.09,2,2
2026-01-26,SMR,sector_drop,buy,"Sector-adjusted drop -7.66% (stock -6.93%, XLU +0.73%)",18.4,18.55,win,win,-23.07,-28.09,2,2
2026-01-26,SMR,confluence,buy,"Confluence (2): adjusted_drop, sector_drop",18.4,18.55,win,win,-23.07,-28.09,2,2
2026-02-04,SMR,adjusted_drop,buy,"Market-adjusted drop -8.91% (stock -9.40%, market -0.48%)",16.2,15.92,win,win,-16.27,-24.37,2,2
2026-02-04,SMR,sector_drop,buy,"Sector-adjusted drop -9.03% (stock -9.40%, XLU -0.37%)",16.2,15.92,win,win,-16.27,-24.37,2,2
2026-02-04,SMR,confluence,buy,"Confluence (2): adjusted_drop, sector_drop",16.2,15.92,win,win,-16.27,-24.37,2,2
2026-02-12,SMR,adjusted_drop,buy,"Market-adjusted drop -8.60% (stock -10.15%, market -1.54%)",13.99,14.23,loss,loss,-17.99,-18.41,,
2026-02-12,SMR,sector_drop,buy,"Sector-adjusted drop -11.63% (stock -10.15%, XLU +1.48%)",13.99,14.23,loss,loss,-17.99,-18.41,,
2026-02-12,SMR,confluence,buy,"Confluence (2): adjusted_drop, sector_drop",13.99,14.23,loss,loss,-17.99,-18.41,,
2026-04-14,SMR,gap_and_go,buy,Gap up +7.9% on 2.0x volume,10.25,10.8,win,win,9.91,-0.28,1,1
2026-04-16,SMR,volume_spike,buy,Volume spike 2.8x (dip in uptrend),11.41,11.98,win,win,5.01,-9.6,1,1
2026-04-17,SMR,rel_strength,buy,"New 20-day high (+7.1% above prev, 2.5x vol)",12.65,12.27,win,win,2.24,-11.77,1,3
2026-04-21,SMR,adjusted_drop,buy,"Market-adjusted drop -8.10% (stock -8.76%, market -0.65%)",11.67,12.15,win,win,-1.23,-10.86,1,1
2026-04-21,SMR,sector_drop,buy,"Sector-adjusted drop -7.01% (stock -8.76%, XLU -1.75%)",11.67,12.15,win,win,-1.23,-10.86,1,1
2026-04-21,SMR,confluence,buy,"Confluence (2): adjusted_drop, sector_drop",11.67,12.15,win,win,-1.23,-10.86,1,1
2026-04-22,SMR,gap_and_go,buy,Gap up +4.1% on 1.8x volume,13.57,14.02,loss,loss,-14.72,-22.78,,
2026-05-07,SMR,adjusted_drop,buy,"Market-adjusted drop -6.65% (stock -6.95%, market -0.31%)",12.58,12.34,win,win,2.67,-21.68,2,2
2026-05-07,SMR,sector_drop,buy,"Sector-adjusted drop -5.66% (stock -6.95%, XLU -1.29%)",12.58,12.34,win,win,2.67,-21.68,2,2
2026-05-07,SMR,confluence,buy,"Confluence (2): adjusted_drop, sector_drop",12.58,12.34,win,win,2.67,-21.68,2,2
2026-01-29,VALE,volume_spike,buy,Volume spike 2.3x (dip in uptrend),16.94,16.44,win,loss,1.64,-5.66,9,
2026-01-29,VALE,rel_strength,buy,"New 20-day high (+2.7% above prev, 2.3x vol)",16.94,16.44,win,loss,1.64,-5.66,9,
2026-02-12,VALE,rel_strength,buy,"New 20-day high (+1.6% above prev, 1.6x vol)",17.04,16.69,win,loss,-10.31,-10.84,8,
2026-03-03,VALE,adjusted_drop,buy,"Market-adjusted drop -5.12% (stock -6.00%, market -0.88%)",15.97,16.25,loss,loss,-8.49,-13.85,,
2026-04-10,VALE,rel_strength,buy,"New 20-day high (+1.1% above prev, 1.6x vol)",16.96,16.98,win,loss,-4.71,-7.01,3,
2026-04-29,VALE,adjusted_drop,buy,"Market-adjusted drop -6.25% (stock -6.27%, market -0.02%)",15.85,16.16,win,loss,1.18,-2.23,8,
2026-04-29,VALE,sector_drop,buy,"Sector-adjusted drop -5.41% (stock -6.27%, XLB -0.86%)",15.85,16.16,win,loss,1.18,-2.23,8,
2026-04-29,VALE,confluence,buy,"Confluence (2): adjusted_drop, sector_drop",15.85,16.16,win,loss,1.18,-2.23,8,
2026-01-26,SOUN,adjusted_drop,buy,"Market-adjusted drop -5.25% (stock -4.74%, market +0.51%)",9.84,9.94,loss,loss,-26.36,-29.18,,
2026-02-05,SOUN,adjusted_drop,buy,"Market-adjusted drop -7.67% (stock -8.92%, market -1.25%)",7.35,7.63,win,win,12.71,-7.73,1,1
2026-03-16,SOUN,gap_and_go,buy,Gap up +3.2% on 1.7x volume,7.54,7.51,win,loss,-10.73,-22.32,1,
2026-04-15,SOUN,gap_and_go,buy,Gap up +3.2% on 1.9x volume,7.85,8.14,win,win,15.11,-6.88,4,12
2026-04-16,SOUN,volume_spike,buy,Volume spike 2.0x (dip in uptrend),7.7,8.03,win,win,19.85,-5.66,3,3
2026-04-16,SOUN,rel_strength,buy,"New 20-day high (+3.0% above prev, 2.0x vol)",7.7,8.03,win,win,19.85,-5.66,3,3
2026-05-01,SOUN,rel_strength,buy,"New 20-day high (+7.4% above prev, 2.7x vol)",9.56,9.54,win,loss,-14.36,-17.71,1,
2026-05-08,SOUN,adjusted_drop,buy,"Market-adjusted drop -8.61% (stock -7.79%, market +0.83%)",8.88,8.72,win,loss,6.08,-9.98,14,
2026-02-02,CCL,macd,buy,MACD bullish crossover (above SMA20),32.1,31.59,win,loss,-0.54,-5.74,4,
2026-02-03,CCL,rel_strength,buy,"New 20-day high (+1.1% above prev, 1.4x vol)",31.6,32.08,loss,loss,-1.8,-7.19,,
2026-03-02,CCL,adjusted_drop,buy,"Market-adjusted drop -7.70% (stock -7.64%, market +0.06%)",28.96,27.51,loss,loss,-8.06,-15.21,,
2026-03-02,CCL,sector_drop,buy,"Sector-adjusted drop -6.41% (stock -7.64%, XLY -1.23%)",28.96,27.51,loss,loss,-8.06,-15.21,,
2026-03-02,CCL,confluence,buy,"Confluence (2): adjusted_drop, sector_drop",28.96,27.51,loss,loss,-8.06,-15.21,,
2026-04-08,CCL,gap_and_go,buy,Gap up +12.2% on 1.8x volume,27.86,27.65,win,loss,-8.05,-8.91,7,
2026-04-08,CCL,rel_strength,buy,"New 20-day high (+7.5% above prev, 1.8x vol)",27.86,27.65,win,loss,-8.05,-8.91,7,
2026-04-08,CCL,confluence,buy,"Confluence (2): gap_and_go, rel_strength",27.86,27.65,win,loss,-8.05,-8.91,7,
2026-04-16,CCL,adjusted_drop,buy,"Market-adjusted drop -5.49% (stock -5.24%, market +0.25%)",27.14,28.88,loss,loss,-7.09,-13.11,,
2026-05-06,CCL,gap_and_go,buy,Gap up +5.9% on 1.8x volume,27.35,27.45,loss,loss,1.78,-14.58,,
2026-01-26,IONQ,adjusted_drop,buy,"Market-adjusted drop -8.72% (stock -8.21%, market +0.51%)",43.37,44.56,win,loss,-25.54,-32.7,2,
2026-02-04,IONQ,adjusted_drop,buy,"Market-adjusted drop -7.65% (stock -8.14%, market -0.48%)",35.34,33.92,win,win,20.52,-11.59,2,15
2026-02-12,IONQ,adjusted_drop,buy,"Market-adjusted drop -5.33% (stock -6.87%, market -1.54%)",31.3,32.31,win,win,10.57,-6.64,1,9
2026-02-26,IONQ,gap_and_go,buy,Gap up +16.3% on 3.5x volume,40.88,39.42,loss,loss,-19.08,-22.04,,
2026-03-04,IONQ,volume_spike,buy,Volume spike 2.1x (dip in uptrend),37.13,36.6,loss,loss,-12.68,-16.67,,
2026-04-14,IONQ,gap_and_go,buy,Gap up +6.8% on 3.9x volume,35.76,38.36,win,win,25.13,-2.35,1,1
2026-04-14,IONQ,rel_strength,buy,"New 20-day high (+4.3% above prev, 3.9x vol)",35.76,38.36,win,win,25.13,-2.35,1,1
2026-04-14,IONQ,confluence,buy,"Confluence (2): gap_and_go, rel_strength",35.76,38.36,win,win,25.13,-2.35,1,1
2026-04-15,IONQ,earnings_drift,buy,"Post-catalyst drift: gap +6.8%, move +20.9%",43.25,44.51,win,win,18.11,-10.66,3,5
2026-04-23,IONQ,adjusted_drop,buy,"Market-adjusted drop -7.49% (stock -7.88%, market -0.39%)",43.63,44.38,win,win,29.5,-10.4,7,7
2026-05-06,IONQ,rel_strength,buy,"New 20-day high (+8.8% above prev, 1.6x vol)",52.57,50.03,win,win,40.18,-9.04,3,3
2026-05-07,IONQ,adjusted_drop,buy,"Market-adjusted drop -9.00% (stock -9.30%, market -0.31%)",47.68,48.69,win,win,48.03,-6.52,2,2
2026-01-27,ORCL,sector_drop,buy,"Sector-adjusted drop -5.48% (stock -4.13%, XLK +1.35%)",174.29,174.31,loss,loss,-10.72,-22.68,,
2026-02-02,ORCL,gap_and_go,buy,Gap up +3.9% on 2.0x volume,159.5,157.71,loss,loss,-7.66,-14.54,,
2026-02-05,ORCL,adjusted_drop,buy,"Market-adjusted drop -5.70% (stock -6.95%, market -1.25%)",136.0,139.26,win,win,4.04,-0.83,2,2
2026-02-05,ORCL,sector_drop,buy,"Sector-adjusted drop -5.14% (stock -6.95%, XLK -1.80%)",136.0,139.26,win,win,4.04,-0.83,2,2
2026-02-05,ORCL,confluence,buy,"Confluence (2): adjusted_drop, sector_drop",136.0,139.26,win,win,4.04,-0.83,2,2
2026-02-20,ORCL,adjusted_drop,buy,"Market-adjusted drop -6.13% (stock -5.40%, market +0.72%)",147.56,145.18,win,win,6.47,-4.87,3,13
2026-02-20,ORCL,sector_drop,buy,"Sector-adjusted drop -5.88% (stock -5.40%, XLK +0.48%)",147.56,145.18,win,win,6.47,-4.87,3,13
2026-02-20,ORCL,confluence,buy,"Confluence (2): adjusted_drop, sector_drop",147.56,145.18,win,win,6.47,-4.87,3,13
2026-03-11,ORCL,volume_spike,buy,Volume spike 3.2x (dip in uptrend),162.55,164.09,loss,loss,-11.8,-16.83,,
2026-03-11,ORCL,gap_and_go,buy,Gap up +11.4% on 3.2x volume,162.55,164.09,loss,loss,-11.8,-16.83,,
2026-03-11,ORCL,rel_strength,buy,"New 20-day high (+3.9% above prev, 3.2x vol)",162.55,164.09,loss,loss,-11.8,-16.83,,
2026-03-11,ORCL,confluence,buy,"Confluence (2): gap_and_go, rel_strength",162.55,164.09,loss,loss,-11.8,-16.83,,
2026-04-13,ORCL,macd,buy,MACD bullish crossover (above SMA20),155.62,167.93,win,win,7.36,-4.53,3,6
2026-04-14,ORCL,volume_spike,buy,Volume spike 2.6x (dip in uptrend),163.0,166.89,win,win,11.06,-3.93,2,3
2026-04-14,ORCL,gap_and_go,buy,Gap up +7.9% on 2.6x volume,163.0,166.89,win,win,11.06,-3.93,2,3
2026-04-14,ORCL,rel_strength,buy,"New 20-day high (+7.0% above prev, 2.6x vol)",163.0,166.89,win,win,11.06,-3.93,2,3
2026-04-14,ORCL,confluence,buy,"Confluence (2): gap_and_go, rel_strength",163.0,166.89,win,win,11.06,-3.93,2,3
2026-04-23,ORCL,adjusted_drop,buy,"Market-adjusted drop -5.60% (stock -5.98%, market -0.39%)",176.28,180.51,win,win,8.37,-11.18,9,10
2026-05-05,ORCL,macd,buy,MACD bullish crossover (above SMA20),185.35,186.2,win,loss,2.56,-3.97,2,
2026-02-13,RIVN,volume_spike,buy,Volume spike 4.9x (dip in uptrend),17.73,17.39,loss,loss,-8.74,-16.33,,
2026-02-13,RIVN,gap_and_go,buy,Gap up +26.9% on 4.9x volume,17.73,17.39,loss,loss,-8.74,-16.33,,
2026-02-13,RIVN,rel_strength,buy,"New 20-day high (+5.2% above prev, 4.9x vol)",17.73,17.39,loss,loss,-8.74,-16.33,,
2026-02-13,RIVN,confluence,buy,"Confluence (2): gap_and_go, rel_strength",17.73,17.39,loss,loss,-8.74,-16.33,,
2026-02-17,RIVN,adjusted_drop,buy,"Market-adjusted drop -7.27% (stock -7.11%, market +0.16%)",16.47,16.5,win,loss,0.27,-11.79,15,
2026-02-17,RIVN,sector_drop,buy,"Sector-adjusted drop -6.99% (stock -7.11%, XLY -0.12%)",16.47,16.5,win,loss,0.27,-11.79,15,
2026-03-10,RIVN,gap_and_go,buy,Gap up +5.2% on 1.5x volume,16.54,16.55,loss,loss,-9.04,-13.93,,
2026-03-12,RIVN,adjusted_drop,buy,"Market-adjusted drop -6.59% (stock -8.11%, market -1.52%)",15.3,15.27,win,win,0.85,-6.75,3,5
2026-03-12,RIVN,sector_drop,buy,"Sector-adjusted drop -5.81% (stock -8.11%, XLY -2.30%)",15.3,15.27,win,win,0.85,-6.75,3,5
2026-03-12,RIVN,confluence,buy,"Confluence (2): adjusted_drop, sector_drop",15.3,15.27,win,win,0.85,-6.75,3,5
2026-03-19,RIVN,volume_spike,buy,Volume spike 3.0x (dip in uptrend),16.12,15.96,loss,loss,-3.32,-10.78,,
2026-03-19,RIVN,gap_and_go,buy,Gap up +6.6% on 3.0x volume,16.12,15.96,loss,loss,-3.32,-10.78,,
2026-03-20,RIVN,adjusted_drop,buy,"Market-adjusted drop -6.07% (stock -7.51%, market -1.43%)",14.91,15.35,win,loss,3.58,-7.23,1,
2026-03-20,RIVN,sector_drop,buy,"Sector-adjusted drop -5.72% (stock -7.51%, XLY -1.79%)",14.91,15.35,win,loss,3.58,-7.23,1,
2026-03-20,RIVN,confluence,buy,"Confluence (2): adjusted_drop, sector_drop",14.91,15.35,win,loss,3.58,-7.23,1,
2026-04-10,RIVN,macd,buy,MACD bullish crossover (above SMA20),15.43,15.4,win,win,-2.47,-2.53,2,4
2026-05-01,RIVN,adjusted_drop,buy,"Market-adjusted drop -8.69% (stock -8.41%, market +0.28%)",15.02,15.16,loss,loss,-6.2,-16.56,,
2026-05-01,RIVN,sector_drop,buy,"Sector-adjusted drop -8.65% (stock -8.41%, XLY +0.24%)",15.02,15.16,loss,loss,-6.2,-16.56,,
2026-05-01,RIVN,confluence,buy,"Confluence (2): adjusted_drop, sector_drop",15.02,15.16,loss,loss,-6.2,-16.56,,
2026-01-26,JOBY,adjusted_drop,buy,"Market-adjusted drop -5.17% (stock -4.67%, market +0.51%)",13.28,13.56,loss,loss,-26.33,-31.42,,
2026-01-29,JOBY,sector_drop,buy,"Sector-adjusted drop -17.73% (stock -16.68%, XLI +1.05%)",11.14,11.18,loss,loss,-11.72,-16.82,,
2026-02-05,JOBY,adjusted_drop,buy,"Market-adjusted drop -7.61% (stock -8.86%, market -1.25%)",9.46,9.83,win,win,2.34,-5.39,1,14
2026-04-28,JOBY,volume_spike,buy,Volume spike 2.2x (dip in uptrend),8.93,8.79,win,win,13.77,-6.83,2,6
2026-05-06,JOBY,rel_strength,buy,"New 20-day high (+7.4% above prev, 2.6x vol)",10.52,10.22,win,win,20.35,-5.38,2,12
2026-01-26,CIFR,adjusted_drop,buy,"Market-adjusted drop -6.65% (stock -6.15%, market +0.51%)",16.49,16.65,win,win,-6.07,-24.11,1,1
2026-01-30,CIFR,sector_drop,buy,"Sector-adjusted drop -9.32% (stock -9.83%, BITO -0.51%)",15.96,15.44,win,win,-1.42,-18.17,1,6
2026-02-04,CIFR,adjusted_drop,buy,"Market-adjusted drop -11.88% (stock -12.36%, market -0.48%)",14.25,13.75,win,win,19.85,-8.11,1,3
2026-02-20,CIFR,adjusted_drop,buy,"Market-adjusted drop -8.00% (stock -7.28%, market +0.72%)",14.65,14.24,win,win,-1.12,-8.5,1,2
2026-02-20,CIFR,sector_drop,buy,"Sector-adjusted drop -8.25% (stock -7.28%, BITO +0.97%)",14.65,14.24,win,win,-1.12,-8.5,1,2
2026-02-20,CIFR,confluence,buy,"Confluence (2): adjusted_drop, sector_drop",14.65,14.24,win,win,-1.12,-8.5,1,2
2026-02-24,CIFR,macd,buy,MACD bullish crossover (above SMA20),17.12,17.35,loss,loss,-13.03,-24.9,,
2026-03-03,CIFR,adjusted_drop,buy,"Market-adjusted drop -5.78% (stock -6.66%, market -0.88%)",14.71,15.33,win,loss,-2.94,-15.0,1,
2026-03-03,CIFR,sector_drop,buy,"Sector-adjusted drop -5.30% (stock -6.66%, BITO -1.36%)",14.71,15.33,win,loss,-2.94,-15.0,1,
2026-03-03,CIFR,confluence,buy,"Confluence (2): adjusted_drop, sector_drop",14.71,15.33,win,loss,-2.94,-15.0,1,
2026-03-04,CIFR,macd,buy,MACD bullish crossover (above SMA20),16.04,15.64,win,loss,1.53,-16.69,15,
2026-03-25,CIFR,gap_and_go,buy,Gap up +8.0% on 1.7x volume,15.88,15.4,win,win,12.6,-23.9,10,10
2026-04-08,CIFR,macd,buy,MACD bullish crossover (above SMA20),15.42,15.29,win,win,10.66,-0.2,1,1
2026-04-08,CIFR,gap_and_go,buy,Gap up +8.9% on 1.5x volume,15.42,15.29,win,win,10.66,-0.2,1,1
2026-04-21,CIFR,adjusted_drop,buy,"Market-adjusted drop -5.83% (stock -6.48%, market -0.65%)",18.04,18.8,win,win,6.7,-12.34,1,10
2026-05-01,CIFR,sector_drop,buy,"Sector-adjusted drop -6.68% (stock -3.95%, BITO +2.74%)",17.04,17.12,win,win,28.33,-0.23,1,2
2026-05-05,CIFR,macd,buy,MACD bullish crossover (above SMA20),22.1,22.31,win,win,12.77,-21.02,14,14
2026-05-05,CIFR,rel_strength,buy,"New 20-day high (+9.5% above prev, 2.6x vol)",22.1,22.31,win,win,12.77,-21.02,14,14
2026-05-07,CIFR,adjusted_drop,buy,"Market-adjusted drop -5.28% (stock -5.59%, market -0.31%)",20.68,21.34,win,win,10.8,-17.45,5,12
2026-01-26,VZ,macd,buy,MACD bullish crossover (above SMA20),39.03,39.07,win,win,23.37,-1.19,4,4
2026-01-30,VZ,gap_and_go,buy,Gap up +5.5% on 4.3x volume,43.86,43.92,win,win,11.44,-1.57,3,8
2026-01-30,VZ,rel_strength,buy,"New 20-day high (+10.7% above prev, 4.3x vol)",43.86,43.92,win,win,11.44,-1.57,3,8
2026-01-30,VZ,confluence,buy,"Confluence (2): gap_and_go, rel_strength",43.86,43.92,win,win,11.44,-1.57,3,8
2026-02-02,VZ,earnings_drift,buy,"Post-catalyst drift: gap +5.5%, move +0.2%",43.95,43.98,win,win,11.69,-0.31,2,7
2026-02-12,VZ,rel_strength,buy,"New 20-day high (+2.2% above prev, 1.4x vol)",48.73,48.43,loss,loss,3.99,-2.71,,
2026-04-27,VZ,macd,buy,MACD bullish crossover (above SMA20),47.1,47.99,loss,loss,-2.56,-4.54,,
2026-02-06,MRVL,gap_and_go,buy,Gap up +3.5% on 1.6x volume,80.24,79.57,win,loss,1.57,-4.45,3,
2026-02-09,MRVL,macd,buy,MACD bullish crossover (above SMA20),82.31,82.65,loss,loss,-6.26,-8.01,,
2026-03-06,MRVL,macd,buy,MACD bullish crossover (above SMA20),89.53,87.89,win,win,7.9,-4.24,1,13
2026-03-06,MRVL,gap_and_go,buy,Gap up +11.9% on 6.3x volume,89.53,87.89,win,win,7.9,-4.24,1,13
2026-03-06,MRVL,rel_strength,buy,"New 20-day high (+11.5% above prev, 6.3x vol)",89.53,87.89,win,win,7.9,-4.24,1,13
2026-03-06,MRVL,confluence,buy,"Confluence (2): gap_and_go, rel_strength",89.53,87.89,win,win,7.9,-4.24,1,13
2026-03-09,MRVL,earnings_drift,buy,"Post-catalyst drift: gap +11.9%, move +3.4%",92.6,92.52,win,loss,-5.14,-8.04,12,
2026-03-30,MRVL,adjusted_drop,buy,"Market-adjusted drop -7.12% (stock -7.45%, market -0.33%)",87.77,96.35,win,win,57.04,-3.48,2,2
2026-03-30,MRVL,sector_drop,buy,"Sector-adjusted drop -5.59% (stock -7.45%, XLK -1.86%)",87.77,96.35,win,win,57.04,-3.48,2,2
2026-03-30,MRVL,confluence,buy,"Confluence (2): adjusted_drop, sector_drop",87.77,96.35,win,win,57.04,-3.48,2,2
2026-03-31,MRVL,gap_and_go,buy,Gap up +9.8% on 2.2x volume,99.0,100.77,win,win,56.12,-0.33,1,3
2026-04-01,MRVL,rel_strength,buy,"New 20-day high (+7.1% above prev, 1.7x vol)",106.66,102.25,win,win,61.92,-1.14,2,4
2026-04-10,MRVL,gap_and_go,buy,Gap up +3.2% on 1.8x volume,128.49,129.97,win,win,26.91,-1.19,2,6
2026-04-10,MRVL,rel_strength,buy,"New 20-day high (+6.5% above prev, 1.8x vol)",128.49,129.97,win,win,26.91,-1.19,2,6
2026-04-10,MRVL,confluence,buy,"Confluence (2): gap_and_go, rel_strength",128.49,129.97,win,win,26.91,-1.19,2,6
2026-04-20,MRVL,rel_strength,buy,"New 20-day high (+6.9% above prev, 1.5x vol)",147.84,148.7,win,win,14.89,-1.24,2,3
2026-05-07,MRVL,adjusted_drop,buy,"Market-adjusted drop -6.75% (stock -7.05%, market -0.31%)",160.01,164.69,win,win,24.48,-4.09,2,4
2026-05-07,MRVL,sector_drop,buy,"Sector-adjusted drop -6.85% (stock -7.05%, XLK -0.20%)",160.01,164.69,win,win,24.48,-4.09,2,4
2026-05-07,MRVL,confluence,buy,"Confluence (2): adjusted_drop, sector_drop",160.01,164.69,win,win,24.48,-4.09,2,4
2026-02-09,AVGO,macd,buy,MACD bullish crossover (above SMA20),343.22,346.74,loss,loss,-9.68,-11.59,,
2026-03-05,AVGO,gap_and_go,buy,Gap up +4.0% on 2.3x volume,332.07,327.59,win,loss,-5.55,-6.02,2,
2026-03-06,AVGO,macd,buy,MACD bullish crossover (above SMA20),329.79,326.56,win,loss,-7.93,-8.48,1,
2026-01-26,RKLB,adjusted_drop,buy,"Market-adjusted drop -9.98% (stock -9.47%, market +0.51%)",80.48,82.89,win,loss,-15.68,-22.95,2,
2026-01-26,RKLB,sector_drop,buy,"Sector-adjusted drop -9.57% (stock -9.47%, XLI +0.10%)",80.48,82.89,win,loss,-15.68,-22.95,2,
2026-01-26,RKLB,confluence,buy,"Confluence (2): adjusted_drop, sector_drop",80.48,82.89,win,loss,-15.68,-22.95,2,
2026-02-04,RKLB,adjusted_drop,buy,"Market-adjusted drop -9.56% (stock -10.04%, market -0.48%)",73.11,69.98,win,win,3.82,-8.73,3,10
2026-02-04,RKLB,sector_drop,buy,"Sector-adjusted drop -10.31% (stock -10.04%, XLI +0.27%)",73.11,69.98,win,win,3.82,-8.73,3,10
2026-02-04,RKLB,confluence,buy,"Confluence (2): adjusted_drop, sector_drop",73.11,69.98,win,win,3.82,-8.73,3,10
2026-02-20,RKLB,adjusted_drop,buy,"Market-adjusted drop -8.19% (stock -7.47%, market +0.72%)",70.86,68.75,win,loss,-0.5,-6.77,4,
2026-02-20,RKLB,sector_drop,buy,"Sector-adjusted drop -7.97% (stock -7.47%, XLI +0.50%)",70.86,68.75,win,loss,-0.5,-6.77,4,
2026-02-20,RKLB,confluence,buy,"Confluence (2): adjusted_drop, sector_drop",70.86,68.75,win,loss,-0.5,-6.77,4,
2026-03-04,RKLB,macd,buy,MACD bullish crossover (above SMA20),71.91,70.92,win,win,2.76,-9.11,2,9
2026-03-18,RKLB,adjusted_drop,buy,"Market-adjusted drop -10.20% (stock -11.59%, market -1.40%)",69.48,68.82,win,loss,-3.02,-18.44,1,
2026-03-18,RKLB,sector_drop,buy,"Sector-adjusted drop -10.80% (stock -11.59%, XLI -0.79%)",69.48,68.82,win,loss,-3.02,-18.44,1,
2026-03-18,RKLB,confluence,buy,"Confluence (2): adjusted_drop, sector_drop",69.48,68.82,win,loss,-3.02,-18.44,1,
2026-03-25,RKLB,macd,buy,MACD bullish crossover (above SMA20),72.88,71.2,win,win,16.47,-21.16,15,15
2026-03-25,RKLB,gap_and_go,buy,Gap up +4.3% on 1.6x volume,72.88,71.2,win,win,16.47,-21.16,15,15
2026-04-16,RKLB,gap_and_go,buy,Gap up +4.6% on 1.6x volume,82.93,84.08,win,win,-6.54,-12.0,2,4
2026-04-16,RKLB,rel_strength,buy,"New 20-day high (+8.6% above prev, 1.6x vol)",82.93,84.08,win,win,-6.54,-12.0,2,4
2026-04-16,RKLB,confluence,buy,"Confluence (2): gap_and_go, rel_strength",82.93,84.08,win,win,-6.54,-12.0,2,4
2026-04-23,RKLB,adjusted_drop,buy,"Market-adjusted drop -5.65% (stock -6.04%, market -0.39%)",84.6,86.34,win,win,53.52,-14.3,11,11
2026-04-23,RKLB,sector_drop,buy,"Sector-adjusted drop -7.81% (stock -6.04%, XLI +1.77%)",84.6,86.34,win,win,53.52,-14.3,11,11
2026-05-07,RKLB,adjusted_drop,buy,"Market-adjusted drop -6.86% (stock -7.17%, market -0.31%)",78.58,86.04,win,win,66.77,-0.19,1,1
2026-05-07,RKLB,sector_drop,buy,"Sector-adjusted drop -5.55% (stock -7.17%, XLI -1.62%)",78.58,86.04,win,win,66.77,-0.19,1,1
2026-05-07,RKLB,confluence,buy,"Confluence (2): adjusted_drop, sector_drop",78.58,86.04,win,win,66.77,-0.19,1,1
2026-05-08,RKLB,macd,buy,MACD bullish crossover (above SMA20),105.47,105.27,win,win,16.26,-1.21,1,1
2026-05-08,RKLB,gap_and_go,buy,Gap up +9.5% on 3.7x volume,105.47,105.27,win,win,16.26,-1.21,1,1
2026-05-08,RKLB,rel_strength,buy,"New 20-day high (+13.4% above prev, 3.7x vol)",105.47,105.27,win,win,16.26,-1.21,1,1
2026-05-11,RKLB,earnings_drift,buy,"Post-catalyst drift: gap +9.5%, move +11.3%",117.35,112.76,win,win,9.37,-0.31,1,2
2026-01-26,RDW,adjusted_drop,buy,"Market-adjusted drop -12.97% (stock -12.46%, market +0.51%)",10.96,12.23,win,win,-34.56,-38.45,1,1
2026-01-26,RDW,sector_drop,buy,"Sector-adjusted drop -12.56% (stock -12.46%, XLI +0.10%)",10.96,12.23,win,win,-34.56,-38.45,1,1
2026-01-26,RDW,confluence,buy,"Confluence (2): adjusted_drop, sector_drop",10.96,12.23,win,win,-34.56,-38.45,1,1
2026-01-27,RDW,gap_and_go,buy,Gap up +11.5% on 3.6x volume,14.2,13.78,loss,loss,-39.04,-45.39,,
2026-01-27,RDW,rel_strength,buy,"New 20-day high (+5.9% above prev, 3.6x vol)",14.2,13.78,loss,loss,-39.04,-45.39,,
2026-02-04,RDW,adjusted_drop,buy,"Market-adjusted drop -10.44% (stock -10.92%, market -0.48%)",10.03,9.6,win,loss,-0.57,-21.66,2,
2026-02-04,RDW,sector_drop,buy,"Sector-adjusted drop -11.19% (stock -10.92%, XLI +0.27%)",10.03,9.6,win,loss,-0.57,-21.66,2,
2026-02-04,RDW,confluence,buy,"Confluence (2): adjusted_drop, sector_drop",10.03,9.6,win,loss,-0.57,-21.66,2,
2026-02-12,RDW,adjusted_drop,buy,"Market-adjusted drop -10.89% (stock -12.43%, market -1.54%)",7.89,8.13,win,win,5.17,-7.44,3,9
2026-02-12,RDW,sector_drop,buy,"Sector-adjusted drop -11.24% (stock -12.43%, XLI -1.20%)",7.89,8.13,win,win,5.17,-7.44,3,9
2026-02-12,RDW,confluence,buy,"Confluence (2): adjusted_drop, sector_drop",7.89,8.13,win,win,5.17,-7.44,3,9
2026-02-27,RDW,sector_drop,buy,"Sector-adjusted drop -5.28% (stock -5.03%, XLI +0.25%)",9.07,9.04,win,win,1.77,-6.19,1,1
2026-03-03,RDW,adjusted_drop,buy,"Market-adjusted drop -5.11% (stock -5.99%, market -0.88%)",8.95,9.05,win,win,0.0,-6.3,2,8
2026-03-25,RDW,gap_and_go,buy,Gap up +3.3% on 2.1x volume,9.16,8.9,win,win,26.07,-16.52,5,6
2026-04-02,RDW,macd,buy,MACD bullish crossover (above SMA20),9.73,9.64,win,win,0.41,-6.54,3,9
2026-04-09,RDW,sector_drop,buy,"Sector-adjusted drop -5.09% (stock -4.06%, XLI +1.03%)",9.22,9.45,win,win,-2.75,-10.37,2,3
2026-04-16,RDW,gap_and_go,buy,Gap up +3.1% on 1.8x volume,11.22,11.15,win,win,-17.49,-25.56,4,4
2026-04-16,RDW,rel_strength,buy,"New 20-day high (+6.9% above prev, 1.8x vol)",11.22,11.15,win,win,-17.49,-25.56,4,4
2026-04-16,RDW,confluence,buy,"Confluence (2): gap_and_go, rel_strength",11.22,11.15,win,win,-17.49,-25.56,4,4
2026-04-17,RDW,adjusted_drop,buy,"Market-adjusted drop -9.05% (stock -7.84%, market +1.21%)",10.34,10.34,win,win,7.06,-19.73,2,3
2026-04-17,RDW,sector_drop,buy,"Sector-adjusted drop -9.71% (stock -7.84%, XLI +1.87%)",10.34,10.34,win,win,7.06,-19.73,2,3
2026-04-23,RDW,volume_spike,buy,Volume spike 2.4x (dip in uptrend),10.04,10.28,win,win,36.09,-19.26,11,12
2026-05-08,RDW,macd,buy,MACD bullish crossover (above SMA20),11.07,11.02,win,win,87.74,-2.27,1,1
2026-05-11,RDW,rel_strength,buy,"New 20-day high (+4.6% above prev, 1.7x vol)",12.16,11.8,win,win,74.41,-7.54,3,3
2026-02-12,WBD,macd,buy,MACD bullish crossover (above SMA20),28.11,28.07,loss,loss,-0.43,-1.43,,
2026-02-27,WBD,volume_spike,buy,Volume spike 2.9x (dip in uptrend),28.17,28.01,loss,loss,-2.11,-3.53,,
2026-04-01,WBD,macd,buy,MACD bullish crossover (above SMA20),27.49,27.34,loss,loss,-1.61,-1.61,,
2026-05-05,WBD,macd,buy,MACD bullish crossover (above SMA20),27.22,27.16,loss,loss,-0.07,-1.1,,
2026-01-26,CSCO,macd,buy,MACD bullish crossover (above SMA20),76.59,76.77,win,win,-0.44,-4.88,5,9
2026-02-02,CSCO,rel_strength,buy,"New 20-day high (+2.1% above prev, 1.5x vol)",80.21,80.37,win,loss,-3.3,-9.14,4,
2026-02-10,CSCO,rel_strength,buy,"New 20-day high (+1.1% above prev, 1.4x vol)",85.82,85.6,loss,loss,-6.03,-14.69,,
2026-02-12,CSCO,adjusted_drop,buy,"Market-adjusted drop -10.78% (stock -12.32%, market -1.54%)",74.6,73.98,win,loss,5.73,-1.29,3,
2026-02-12,CSCO,sector_drop,buy,"Sector-adjusted drop -9.69% (stock -12.32%, XLK -2.63%)",74.6,73.98,win,loss,5.73,-1.29,3,
2026-02-12,CSCO,confluence,buy,"Confluence (2): adjusted_drop, sector_drop",74.6,73.98,win,loss,5.73,-1.29,3,
2026-03-24,CSCO,macd,buy,MACD bullish crossover (above SMA20),80.42,80.56,win,loss,2.23,-5.79,11,
2026-04-06,CSCO,macd,buy,MACD bullish crossover (above SMA20),80.44,80.02,win,win,10.3,-0.75,3,10
2026-05-06,CSCO,sector_drop,buy,"Sector-adjusted drop -5.48% (stock -2.82%, XLK +2.66%)",91.64,92.0,win,win,28.96,-0.42,2,5
2026-05-08,CSCO,rel_strength,buy,"New 20-day high (+2.4% above prev, 1.4x vol)",96.57,96.35,win,win,25.93,-1.06,3,4
2026-01-29,NCLH,gap_and_go,buy,Gap up +4.7% on 1.9x volume,22.92,22.64,win,loss,7.38,-6.93,3,
2026-02-02,NCLH,macd,buy,MACD bullish crossover (above SMA20),23.64,23.28,win,loss,2.92,-9.49,10,
2026-02-13,NCLH,adjusted_drop,buy,"Market-adjusted drop -7.64% (stock -7.57%, market +0.07%)",21.49,23.12,win,loss,-10.42,-19.94,1,
2026-02-13,NCLH,sector_drop,buy,"Sector-adjusted drop -7.61% (stock -7.57%, XLY +0.04%)",21.49,23.12,win,loss,-10.42,-19.94,1,
2026-02-13,NCLH,confluence,buy,"Confluence (2): adjusted_drop, sector_drop",21.49,23.12,win,loss,-10.42,-19.94,1,
2026-02-17,NCLH,macd,buy,MACD bullish crossover (above SMA20),24.1,23.82,win,loss,-14.57,-22.29,7,
2026-02-17,NCLH,gap_and_go,buy,Gap up +7.6% on 2.7x volume,24.1,23.82,win,loss,-14.57,-22.29,7,
2026-02-17,NCLH,rel_strength,buy,"New 20-day high (+1.4% above prev, 2.7x vol)",24.1,23.82,win,loss,-14.57,-22.29,7,
2026-03-02,NCLH,adjusted_drop,buy,"Market-adjusted drop -10.59% (stock -10.53%, market +0.06%)",22.18,21.34,loss,loss,-5.72,-13.26,,
2026-03-02,NCLH,sector_drop,buy,"Sector-adjusted drop -9.30% (stock -10.53%, XLY -1.23%)",22.18,21.34,loss,loss,-5.72,-13.26,,
2026-03-02,NCLH,confluence,buy,"Confluence (2): adjusted_drop, sector_drop",22.18,21.34,loss,loss,-5.72,-13.26,,
2026-04-17,NCLH,gap_and_go,buy,Gap up +6.8% on 1.6x volume,20.99,20.28,loss,loss,-15.78,-16.72,,
2026-04-17,NCLH,rel_strength,buy,"New 20-day high (+3.3% above prev, 1.6x vol)",20.99,20.28,loss,loss,-15.78,-16.72,,
2026-04-17,NCLH,confluence,buy,"Confluence (2): gap_and_go, rel_strength",20.99,20.28,loss,loss,-15.78,-16.72,,
2026-02-05,CPNG,adjusted_drop,buy,"Market-adjusted drop -12.43% (stock -13.68%, market -1.25%)",16.79,17.24,win,win,10.67,-1.83,2,15
2026-03-16,CPNG,rel_strength,buy,"New 20-day high (+1.7% above prev, 1.5x vol)",20.45,20.17,win,loss,-4.84,-12.08,2,
2026-04-06,CPNG,macd,buy,MACD bullish crossover (above SMA20),19.51,19.08,win,win,7.39,-0.5,2,7
2026-04-17,CPNG,rel_strength,buy,"New 20-day high (+2.4% above prev, 1.4x vol)",21.55,21.4,loss,loss,-20.65,-21.31,,
2026-04-22,CPNG,volume_spike,buy,Volume spike 2.1x (dip in uptrend),20.6,20.42,loss,loss,-21.84,-23.38,,
2026-05-06,CPNG,adjusted_drop,buy,"Market-adjusted drop -15.21% (stock -13.82%, market +1.39%)",17.89,18.12,loss,loss,-10.6,-17.05,,
2026-01-29,NOW,adjusted_drop,buy,"Market-adjusted drop -9.75% (stock -9.94%, market -0.20%)",116.73,117.54,loss,loss,-11.29,-16.62,,
2026-01-29,NOW,sector_drop,buy,"Sector-adjusted drop -8.36% (stock -9.94%, XLK -1.58%)",116.73,117.54,loss,loss,-11.29,-16.62,,
2026-01-29,NOW,confluence,buy,"Confluence (2): adjusted_drop, sector_drop",116.73,117.54,loss,loss,-11.29,-16.62,,
2026-02-06,NOW,sector_drop,buy,"Sector-adjusted drop -5.90% (stock -1.84%, XLK +4.06%)",100.74,100.0,win,win,9.42,-2.0,2,6
2026-02-11,NOW,adjusted_drop,buy,"Market-adjusted drop -5.52% (stock -5.54%, market -0.02%)",100.58,101.92,win,win,18.11,-2.69,2,13
2026-02-17,NKE,macd,buy,MACD bullish crossover (above SMA20),63.82,63.32,win,loss,-12.22,-13.3,3,
2026-02-20,NKE,rel_strength,buy,"New 20-day high (+2.9% above prev, 2.5x vol)",64.39,63.6,loss,loss,-15.88,-16.26,,
2026-01-29,XOM,rel_strength,buy,"New 20-day high (+3.1% above prev, 2.0x vol)",138.64,136.89,win,win,6.86,-0.66,4,9
2026-03-02,XOM,rel_strength,buy,"New 20-day high (+2.4% above prev, 1.4x vol)",153.18,154.38,loss,loss,3.67,-5.0,,
2026-03-17,XOM,macd,buy,MACD bullish crossover (above SMA20),157.74,158.58,win,win,-2.15,-5.44,8,9
2026-03-20,XOM,rel_strength,buy,"New 20-day high (+1.2% above prev, 2.5x vol)",158.59,155.07,win,win,-2.23,-3.29,2,6
2026-04-01,XOM,adjusted_drop,buy,"Market-adjusted drop -5.99% (stock -5.23%, market +0.75%)",159.7,163.38,loss,loss,-8.49,-13.69,,
2026-04-30,XOM,macd,buy,MACD bullish crossover (above SMA20),153.29,151.58,win,loss,2.45,-5.69,12,
2026-02-04,BTBT,adjusted_drop,buy,"Market-adjusted drop -7.81% (stock -8.29%, market -0.48%)",1.77,1.7,win,win,5.01,-12.09,2,3
2026-02-18,BTBT,adjusted_drop,buy,"Market-adjusted drop -5.18% (stock -4.68%, market +0.50%)",1.63,1.61,win,win,1.24,-2.48,2,5
2026-02-25,BTBT,macd,buy,MACD bullish crossover (above SMA20),1.81,1.82,loss,loss,-10.99,-13.19,,
2026-04-22,BTBT,rel_strength,buy,"New 20-day high (+4.8% above prev, 1.4x vol)",1.66,1.64,win,win,23.4,-13.07,9,10
2026-05-05,BTBT,rel_strength,buy,"New 20-day high (+3.4% above prev, 1.7x vol)",1.79,1.84,win,win,10.33,-11.41,1,4
2026-05-11,BTBT,gap_and_go,buy,Gap up +3.6% on 2.9x volume,2.15,2.08,win,loss,-4.81,-21.63,3,
2026-01-29,APLD,adjusted_drop,buy,"Market-adjusted drop -5.15% (stock -5.35%, market -0.20%)",38.07,37.22,win,loss,-21.97,-25.78,7,
2026-01-30,APLD,sector_drop,buy,"Sector-adjusted drop -10.49% (stock -11.01%, BITO -0.51%)",33.88,33.44,win,win,-10.3,-17.42,1,6
2026-02-13,APLD,sector_drop,buy,"Sector-adjusted drop -7.55% (stock -2.46%, BITO +5.09%)",35.28,34.25,loss,loss,-21.08,-28.73,,
2026-02-17,APLD,adjusted_drop,buy,"Market-adjusted drop -5.04% (stock -4.88%, market +0.16%)",33.56,31.32,win,loss,-12.52,-22.06,1,
2026-04-08,APLD,volume_spike,buy,Volume spike 2.3x (dip in uptrend),27.79,26.05,win,win,25.47,-3.76,1,4
2026-04-08,APLD,gap_and_go,buy,Gap up +13.0% on 2.3x volume,27.79,26.05,win,win,25.47,-3.76,1,4
2026-04-14,APLD,rel_strength,buy,"New 20-day high (+8.6% above prev, 1.9x vol)",31.47,31.44,win,win,26.84,-6.42,5,7
2026-04-23,APLD,gap_and_go,buy,Gap up +7.3% on 2.4x volume,36.35,37.47,win,win,24.66,-18.57,8,9
2026-04-23,APLD,rel_strength,buy,"New 20-day high (+9.1% above prev, 2.4x vol)",36.35,37.47,win,win,24.66,-18.57,8,9
2026-04-23,APLD,confluence,buy,"Confluence (2): gap_and_go, rel_strength",36.35,37.47,win,win,24.66,-18.57,8,9
2026-05-07,APLD,adjusted_drop,buy,"Market-adjusted drop -5.82% (stock -6.13%, market -0.31%)",41.53,42.4,win,win,11.51,-15.85,2,5
2026-02-03,NVO,adjusted_drop,buy,"Market-adjusted drop -13.80% (stock -14.64%, market -0.85%)",48.52,46.25,win,loss,-20.42,-21.48,4,
2026-04-24,NVO,gap_and_go,buy,Gap up +4.0% on 1.6x volume,41.17,40.76,win,win,9.76,-2.6,4,7
2026-04-30,NVO,rel_strength,buy,"New 20-day high (+1.9% above prev, 1.6x vol)",42.22,43.31,win,win,2.49,-0.48,4,7
2026-05-06,NVO,gap_and_go,buy,Gap up +3.2% on 1.8x volume,45.76,46.55,loss,loss,-2.23,-6.04,,
2026-01-26,CLSK,adjusted_drop,buy,"Market-adjusted drop -9.77% (stock -9.26%, market +0.51%)",12.44,12.44,win,win,-25.4,-33.6,1,2
2026-01-26,CLSK,sector_drop,buy,"Sector-adjusted drop -9.99% (stock -9.26%, XLU +0.73%)",12.44,12.44,win,win,-25.4,-33.6,1,2
2026-01-26,CLSK,confluence,buy,"Confluence (2): adjusted_drop, sector_drop",12.44,12.44,win,win,-25.4,-33.6,1,2
2026-02-04,CLSK,adjusted_drop,buy,"Market-adjusted drop -9.55% (stock -10.04%, market -0.48%)",10.22,9.62,win,win,8.52,-14.14,2,13
2026-02-04,CLSK,sector_drop,buy,"Sector-adjusted drop -9.67% (stock -10.04%, XLU -0.37%)",10.22,9.62,win,win,8.52,-14.14,2,13
2026-02-04,CLSK,confluence,buy,"Confluence (2): adjusted_drop, sector_drop",10.22,9.62,win,win,8.52,-14.14,2,13
2026-02-17,CLSK,adjusted_drop,buy,"Market-adjusted drop -5.95% (stock -5.79%, market +0.16%)",9.28,9.2,win,win,4.67,-2.93,2,3
2026-02-17,CLSK,sector_drop,buy,"Sector-adjusted drop -5.53% (stock -5.79%, XLU -0.26%)",9.28,9.2,win,win,4.67,-2.93,2,3
2026-02-17,CLSK,confluence,buy,"Confluence (2): adjusted_drop, sector_drop",9.28,9.2,win,win,4.67,-2.93,2,3
2026-04-08,CLSK,macd,buy,MACD bullish crossover (above SMA20),9.88,9.76,win,win,16.5,-1.13,1,3
2026-04-17,CLSK,rel_strength,buy,"New 20-day high (+3.1% above prev, 1.4x vol)",11.97,11.57,win,win,22.68,-3.84,2,5
2026-05-06,CLSK,rel_strength,buy,"New 20-day high (+7.8% above prev, 1.3x vol)",14.5,14.1,win,win,28.62,-12.08,3,10
2026-01-27,PINS,adjusted_drop,buy,"Market-adjusted drop -10.01% (stock -9.61%, market +0.40%)",23.41,23.66,loss,loss,-30.77,-41.5,,
2026-01-27,PINS,sector_drop,buy,"Sector-adjusted drop -8.88% (stock -9.61%, XLC -0.74%)",23.41,23.66,loss,loss,-30.77,-41.5,,
2026-01-27,PINS,confluence,buy,"Confluence (2): adjusted_drop, sector_drop",23.41,23.66,loss,loss,-30.77,-41.5,,
2026-02-11,PINS,adjusted_drop,buy,"Market-adjusted drop -6.08% (stock -6.10%, market -0.02%)",19.09,19.08,loss,loss,3.51,-27.46,,
2026-02-11,PINS,sector_drop,buy,"Sector-adjusted drop -5.38% (stock -6.10%, XLC -0.71%)",19.09,19.08,loss,loss,3.51,-27.46,,
2026-02-11,PINS,confluence,buy,"Confluence (2): adjusted_drop, sector_drop",19.09,19.08,loss,loss,3.51,-27.46,,
2026-03-03,PINS,gap_and_go,buy,Gap up +4.9% on 1.7x volume,19.1,19.1,loss,loss,-3.72,-6.65,,
2026-04-15,PINS,rel_strength,buy,"New 20-day high (+6.6% above prev, 1.5x vol)",20.27,20.5,win,win,3.22,-6.59,14,14
2026-05-05,PINS,volume_spike,buy,Volume spike 4.2x (dip in uptrend),22.28,21.73,loss,loss,-7.82,-17.07,,
2026-05-05,PINS,gap_and_go,buy,Gap up +18.5% on 4.2x volume,22.28,21.73,loss,loss,-7.82,-17.07,,
2026-05-05,PINS,rel_strength,buy,"New 20-day high (+16.9% above prev, 4.2x vol)",22.28,21.73,loss,loss,-7.82,-17.07,,
2026-05-05,PINS,confluence,buy,"Confluence (2): gap_and_go, rel_strength",22.28,21.73,loss,loss,-7.82,-17.07,,
2026-05-06,PINS,adjusted_drop,buy,"Market-adjusted drop -6.42% (stock -5.03%, market +1.39%)",21.16,21.31,win,loss,-3.09,-15.43,1,
2026-05-06,PINS,sector_drop,buy,"Sector-adjusted drop -6.51% (stock -5.03%, XLC +1.49%)",21.16,21.31,win,loss,-3.09,-15.43,1,
2026-02-02,WMT,macd,buy,MACD bullish crossover (above SMA20),123.57,123.16,win,loss,2.51,-2.1,4,
2026-03-31,WMT,macd,buy,MACD bullish crossover (above SMA20),124.04,123.56,win,loss,4.99,-2.0,15,
2026-04-30,GOOG,gap_and_go,buy,Gap up +6.9% on 2.8x volume,381.94,377.98,win,loss,1.45,-0.72,5,
2026-04-30,GOOG,rel_strength,buy,"New 20-day high (+8.3% above prev, 2.8x vol)",381.94,377.98,win,loss,1.45,-0.72,5,
2026-04-30,GOOG,confluence,buy,"Confluence (2): gap_and_go, rel_strength",381.94,377.98,win,loss,1.45,-0.72,5,
2026-01-29,MSTR,adjusted_drop,buy,"Market-adjusted drop -9.43% (stock -9.63%, market -0.20%)",143.19,140.0,win,loss,-6.39,-25.59,1,
2026-02-06,MSTR,gap_and_go,buy,Gap up +7.4% on 2.4x volume,134.93,127.37,win,win,8.07,-7.04,1,15
2026-02-11,MSTR,adjusted_drop,buy,"Market-adjusted drop -5.19% (stock -5.21%, market -0.02%)",126.07,127.57,win,win,9.59,-7.19,2,14
2026-03-04,MSTR,rel_strength,buy,"New 20-day high (+6.6% above prev, 1.5x vol)",146.44,145.04,loss,loss,-4.07,-9.15,,
2026-03-18,MSTR,adjusted_drop,buy,"Market-adjusted drop -5.07% (stock -6.47%, market -1.40%)",140.56,135.02,win,loss,-4.56,-13.79,5,
2026-04-13,MSTR,macd,buy,MACD bullish crossover (above SMA20),132.36,137.93,win,win,33.26,-1.77,3,4
2026-04-17,MSTR,gap_and_go,buy,Gap up +3.8% on 2.9x volume,166.52,162.3,win,win,15.58,-3.81,1,3
2026-04-17,MSTR,rel_strength,buy,"New 20-day high (+16.1% above prev, 2.9x vol)",166.52,162.3,win,win,15.58,-3.81,1,3
2026-04-17,MSTR,confluence,buy,"Confluence (2): gap_and_go, rel_strength",166.52,162.3,win,win,15.58,-3.81,1,3
2026-02-03,PYPL,adjusted_drop,buy,"Market-adjusted drop -19.47% (stock -20.31%, market -0.85%)",41.57,41.47,win,win,13.75,-7.55,13,14
2026-02-03,PYPL,sector_drop,buy,"Sector-adjusted drop -19.39% (stock -20.31%, XLF -0.93%)",41.57,41.47,win,win,13.75,-7.55,13,14
2026-02-03,PYPL,confluence,buy,"Confluence (2): adjusted_drop, sector_drop",41.57,41.47,win,win,13.75,-7.55,13,14
2026-05-05,PYPL,adjusted_drop,buy,"Market-adjusted drop -8.54% (stock -7.74%, market +0.80%)",46.49,46.69,loss,loss,-6.27,-8.04,,
2026-05-05,PYPL,sector_drop,buy,"Sector-adjusted drop -7.76% (stock -7.74%, XLF +0.02%)",46.49,46.69,loss,loss,-6.27,-8.04,,
2026-05-05,PYPL,confluence,buy,"Confluence (2): adjusted_drop, sector_drop",46.49,46.69,loss,loss,-6.27,-8.04,,
2026-01-26,RIOT,adjusted_drop,buy,"Market-adjusted drop -6.58% (stock -6.08%, market +0.51%)",16.23,16.32,win,win,-10.23,-27.63,1,2
2026-01-30,RIOT,sector_drop,buy,"Sector-adjusted drop -8.32% (stock -8.84%, BITO -0.51%)",15.47,15.09,win,win,3.71,-21.74,2,14
2026-02-04,RIOT,adjusted_drop,buy,"Market-adjusted drop -7.34% (stock -7.82%, market -0.48%)",14.14,13.64,win,win,25.29,-13.42,2,3
2026-02-19,RIOT,macd,buy,MACD bullish crossover (above SMA20),16.22,16.19,win,loss,-10.47,-16.21,1,
2026-03-03,RIOT,adjusted_drop,buy,"Market-adjusted drop -6.06% (stock -6.94%, market -0.88%)",15.29,15.71,win,loss,-8.78,-17.19,1,
2026-03-03,RIOT,sector_drop,buy,"Sector-adjusted drop -5.57% (stock -6.94%, BITO -1.36%)",15.29,15.71,win,loss,-8.78,-17.19,1,
2026-03-03,RIOT,confluence,buy,"Confluence (2): adjusted_drop, sector_drop",15.29,15.71,win,loss,-8.78,-17.19,1,
2026-03-25,RIOT,macd,buy,MACD bullish crossover (above SMA20),15.16,14.83,win,win,14.09,-22.45,9,9
2026-04-07,RIOT,macd,buy,MACD bullish crossover (above SMA20),14.19,15.49,win,win,6.97,-1.03,1,2
2026-04-08,RIOT,gap_and_go,buy,Gap up +9.2% on 1.8x volume,16.11,16.0,win,win,-0.13,-4.31,1,4
2026-04-08,RIOT,rel_strength,buy,"New 20-day high (+4.9% above prev, 1.8x vol)",16.11,16.0,win,win,-0.13,-4.31,1,4
2026-04-08,RIOT,confluence,buy,"Confluence (2): gap_and_go, rel_strength",16.11,16.0,win,win,-0.13,-4.31,1,4
2026-04-28,RIOT,adjusted_drop,buy,"Market-adjusted drop -8.87% (stock -9.35%, market -0.49%)",16.57,16.57,win,win,36.7,-7.58,3,3
2026-04-28,RIOT,sector_drop,buy,"Sector-adjusted drop -8.60% (stock -9.35%, BITO -0.76%)",16.57,16.57,win,win,36.7,-7.58,3,3
2026-04-28,RIOT,confluence,buy,"Confluence (2): adjusted_drop, sector_drop",16.57,16.57,win,win,36.7,-7.58,3,3
2026-05-01,RIOT,gap_and_go,buy,Gap up +7.4% on 1.7x volume,18.5,18.62,win,win,31.53,-2.47,2,3
2026-05-01,RIOT,rel_strength,buy,"New 20-day high (+2.2% above prev, 1.7x vol)",18.5,18.62,win,win,31.53,-2.47,2,3
2026-05-05,RIOT,macd,buy,MACD bullish crossover (above SMA20),20.35,22.4,win,win,20.27,-2.99,1,4
2026-02-02,WFC,macd,buy,MACD bullish crossover (above SMA20),91.3,91.73,loss,loss,-8.33,-10.61,,
2026-04-14,WFC,volume_spike,buy,Volume spike 2.1x (dip in uptrend),81.24,80.46,loss,loss,-1.27,-2.36,,
2026-04-14,WFC,adjusted_drop,buy,"Market-adjusted drop -6.92% (stock -5.70%, market +1.22%)",81.24,80.46,loss,loss,-1.27,-2.36,,
2026-04-14,WFC,sector_drop,buy,"Sector-adjusted drop -5.93% (stock -5.70%, XLF +0.23%)",81.24,80.46,loss,loss,-1.27,-2.36,,
2026-04-14,WFC,confluence,buy,"Confluence (2): adjusted_drop, sector_drop",81.24,80.46,loss,loss,-1.27,-2.36,,
2026-04-30,WFC,macd,buy,MACD bullish crossover (above SMA20),81.76,81.78,loss,loss,-7.17,-11.01,,
2026-01-30,QS,adjusted_drop,buy,"Market-adjusted drop -9.90% (stock -10.20%, market -0.30%)",8.85,8.82,win,loss,-22.34,-24.38,6,
2026-02-09,QS,gap_and_go,buy,Gap up +11.1% on 1.8x volume,9.17,9.07,loss,loss,-27.89,-28.89,,
2026-02-12,QS,adjusted_drop,buy,"Market-adjusted drop -10.42% (stock -11.96%, market -1.54%)",7.76,7.9,loss,loss,-15.32,-18.35,,
2026-04-15,QS,rel_strength,buy,"New 20-day high (+1.3% above prev, 1.8x vol)",7.17,7.58,win,win,4.88,-13.59,6,6
2026-04-16,QS,gap_and_go,buy,Gap up +5.7% on 1.9x volume,7.04,7.24,win,win,1.52,-9.53,5,5
2026-04-23,QS,volume_spike,buy,Volume spike 9.9x (dip in uptrend),7.41,7.5,win,win,14.67,-12.67,1,1
2026-04-23,QS,rel_strength,buy,"New 20-day high (+27.3% above prev, 9.9x vol)",7.41,7.5,win,win,14.67,-12.67,1,1
2026-05-07,QS,adjusted_drop,buy,"Market-adjusted drop -7.24% (stock -7.55%, market -0.31%)",7.35,7.38,win,win,21.68,-3.39,2,2
2026-01-29,OXY,rel_strength,buy,"New 20-day high (+3.9% above prev, 1.6x vol)",45.21,45.03,win,win,14.59,-4.27,9,14
2026-02-18,OXY,macd,buy,MACD bullish crossover (above SMA20),46.89,49.52,win,win,12.23,-0.28,3,8
2026-02-19,OXY,gap_and_go,buy,Gap up +5.6% on 3.2x volume,51.29,51.18,win,win,14.13,-3.13,7,15
2026-02-19,OXY,rel_strength,buy,"New 20-day high (+9.5% above prev, 3.2x vol)",51.29,51.18,win,win,14.13,-3.13,7,15
2026-02-19,OXY,confluence,buy,"Confluence (2): gap_and_go, rel_strength",51.29,51.18,win,win,14.13,-3.13,7,15
2026-02-20,OXY,earnings_drift,buy,"Post-catalyst drift: gap +5.6%, move +0.6%",51.6,52.0,win,win,11.3,-4.67,6,14
2026-03-02,OXY,volume_spike,buy,Volume spike 2.6x (dip in uptrend),53.95,54.76,win,win,10.14,-4.95,8,13
2026-03-02,OXY,gap_and_go,buy,Gap up +6.1% on 2.6x volume,53.95,54.76,win,win,10.14,-4.95,8,13
2026-03-02,OXY,rel_strength,buy,"New 20-day high (+5.6% above prev, 2.6x vol)",53.95,54.76,win,win,10.14,-4.95,8,13
2026-03-02,OXY,confluence,buy,"Confluence (2): gap_and_go, rel_strength",53.95,54.76,win,win,10.14,-4.95,8,13
2026-03-12,OXY,rel_strength,buy,"New 20-day high (+5.5% above prev, 2.2x vol)",58.41,57.7,win,win,9.13,-1.72,5,10
2026-04-01,OXY,adjusted_drop,buy,"Market-adjusted drop -5.01% (stock -4.26%, market +0.75%)",62.23,64.6,loss,loss,-10.48,-19.57,,
2026-04-14,OXY,adjusted_drop,buy,"Market-adjusted drop -5.83% (stock -4.62%, market +1.22%)",55.38,55.45,win,loss,7.02,-6.29,10,
2026-04-29,OXY,macd,buy,MACD bullish crossover (above SMA20),60.76,59.59,loss,loss,-1.21,-11.08,,
2026-05-06,OXY,adjusted_drop,buy,"Market-adjusted drop -8.50% (stock -7.11%, market +1.39%)",55.12,53.91,win,win,6.33,-1.71,6,7
2026-01-26,FCX,gap_and_go,buy,Gap up +5.0% on 1.6x volume,61.04,61.36,win,win,-0.67,-5.32,2,3
2026-01-26,FCX,rel_strength,buy,"New 20-day high (+2.3% above prev, 1.6x vol)",61.04,61.36,win,win,-0.67,-5.32,2,3
2026-01-26,FCX,confluence,buy,"Confluence (2): gap_and_go, rel_strength",61.04,61.36,win,win,-0.67,-5.32,2,3
2026-01-29,FCX,volume_spike,buy,Volume spike 2.3x (dip in uptrend),64.99,61.6,win,loss,4.21,-5.69,3,
2026-01-30,FCX,adjusted_drop,buy,"Market-adjusted drop -7.23% (stock -7.52%, market -0.30%)",60.1,59.75,win,win,9.47,-2.76,2,9
2026-01-30,FCX,sector_drop,buy,"Sector-adjusted drop -6.06% (stock -7.52%, XLB -1.46%)",60.1,59.75,win,win,9.47,-2.76,2,9
2026-02-24,FCX,macd,buy,MACD bullish crossover (above SMA20),67.73,68.85,loss,loss,-15.81,-19.57,,
2026-03-31,FCX,macd,buy,MACD bullish crossover (above SMA20),58.65,60.62,win,win,16.07,-2.81,5,7
2026-04-23,FCX,adjusted_drop,buy,"Market-adjusted drop -12.23% (stock -12.62%, market -0.39%)",61.48,62.07,win,win,6.56,-10.6,13,14
2026-04-23,FCX,sector_drop,buy,"Sector-adjusted drop -12.58% (stock -12.62%, XLB -0.04%)",61.48,62.07,win,win,6.56,-10.6,13,14
2026-04-23,FCX,confluence,buy,"Confluence (2): adjusted_drop, sector_drop",61.48,62.07,win,win,6.56,-10.6,13,14
2026-05-11,FCX,macd,buy,MACD bullish crossover (above SMA20),64.37,63.61,win,win,12.75,-8.35,2,15
2026-02-05,QCOM,adjusted_drop,buy,"Market-adjusted drop -7.21% (stock -8.46%, market -1.25%)",135.43,136.0,win,loss,4.01,-1.16,8,
2026-02-05,QCOM,sector_drop,buy,"Sector-adjusted drop -6.65% (stock -8.46%, XLK -1.80%)",135.43,136.0,win,loss,4.01,-1.16,8,
2026-02-05,QCOM,confluence,buy,"Confluence (2): adjusted_drop, sector_drop",135.43,136.0,win,loss,4.01,-1.16,8,
2026-04-24,QCOM,gap_and_go,buy,Gap up +8.7% on 3.0x volume,148.85,156.31,win,win,28.9,-7.88,4,4
2026-04-24,QCOM,rel_strength,buy,"New 20-day high (+9.4% above prev, 3.0x vol)",148.85,156.31,win,win,28.9,-7.88,4,4
2026-04-24,QCOM,confluence,buy,"Confluence (2): gap_and_go, rel_strength",148.85,156.31,win,win,28.9,-7.88,4,4
2026-04-27,QCOM,volume_spike,buy,Volume spike 4.0x (dip in uptrend),150.26,145.08,win,win,40.36,-0.74,2,3
2026-04-27,QCOM,earnings_drift,buy,"Post-catalyst drift: gap +8.7%, move +0.9%",150.26,145.08,win,win,40.36,-0.74,2,3
2026-05-06,QCOM,gap_and_go,buy,Gap up +4.6% on 1.6x volume,192.57,190.67,win,win,27.6,-1.59,1,1
2026-05-06,QCOM,rel_strength,buy,"New 20-day high (+5.5% above prev, 1.6x vol)",192.57,190.67,win,win,27.6,-1.59,1,1
2026-05-06,QCOM,confluence,buy,"Confluence (2): gap_and_go, rel_strength",192.57,190.67,win,win,27.6,-1.59,1,1
2026-03-17,UBER,gap_and_go,buy,Gap up +3.7% on 1.7x volume,77.79,77.43,loss,loss,-6.52,-11.58,,
2026-03-17,UBER,rel_strength,buy,"New 20-day high (+1.3% above prev, 1.7x vol)",77.79,77.43,loss,loss,-6.52,-11.58,,
2026-03-17,UBER,confluence,buy,"Confluence (2): gap_and_go, rel_strength",77.79,77.43,loss,loss,-6.52,-11.58,,
2026-05-06,UBER,macd,buy,MACD bullish crossover (above SMA20),79.17,79.82,loss,loss,-11.16,-12.83,,
2026-05-06,UBER,gap_and_go,buy,Gap up +6.2% on 2.4x volume,79.17,79.82,loss,loss,-11.16,-12.83,,
2026-05-06,UBER,rel_strength,buy,"New 20-day high (+1.7% above prev, 2.4x vol)",79.17,79.82,loss,loss,-11.16,-12.83,,
2026-05-06,UBER,confluence,buy,"Confluence (2): gap_and_go, rel_strength",79.17,79.82,loss,loss,-11.16,-12.83,,
2026-01-26,CLF,adjusted_drop,buy,"Market-adjusted drop -7.60% (stock -7.09%, market +0.51%)",14.02,13.89,win,loss,-24.26,-28.44,6,
2026-01-26,CLF,sector_drop,buy,"Sector-adjusted drop -7.21% (stock -7.09%, XLB +0.12%)",14.02,13.89,win,loss,-24.26,-28.44,6,
2026-01-26,CLF,confluence,buy,"Confluence (2): adjusted_drop, sector_drop",14.02,13.89,win,loss,-24.26,-28.44,6,
2026-02-06,CLF,macd,buy,MACD bullish crossover (above SMA20),14.73,13.1,loss,loss,-12.98,-24.12,,
2026-02-09,CLF,adjusted_drop,buy,"Market-adjusted drop -16.91% (stock -16.43%, market +0.48%)",12.31,12.09,win,loss,-8.35,-17.78,1,
2026-02-09,CLF,sector_drop,buy,"Sector-adjusted drop -17.73% (stock -16.43%, XLB +1.30%)",12.31,12.09,win,loss,-8.35,-17.78,1,
2026-02-09,CLF,confluence,buy,"Confluence (2): adjusted_drop, sector_drop",12.31,12.09,win,loss,-8.35,-17.78,1,
2026-04-21,CLF,adjusted_drop,buy,"Market-adjusted drop -5.51% (stock -6.17%, market -0.65%)",9.13,9.2,win,win,17.28,-2.28,2,4
2026-04-21,CLF,sector_drop,buy,"Sector-adjusted drop -5.29% (stock -6.17%, XLB -0.88%)",9.13,9.2,win,win,17.28,-2.28,2,4
2026-04-21,CLF,confluence,buy,"Confluence (2): adjusted_drop, sector_drop",9.13,9.2,win,win,17.28,-2.28,2,4
2026-04-27,CLF,gap_and_go,buy,Gap up +5.7% on 2.8x volume,10.61,10.44,win,loss,2.11,-5.17,7,
2026-04-27,CLF,rel_strength,buy,"New 20-day high (+9.3% above prev, 2.8x vol)",10.61,10.44,win,loss,2.11,-5.17,7,
2026-03-12,SLB,adjusted_drop,buy,"Market-adjusted drop -5.98% (stock -7.49%, market -1.52%)",44.56,44.47,win,win,11.18,-2.07,5,7
2026-03-12,SLB,sector_drop,buy,"Sector-adjusted drop -8.42% (stock -7.49%, XLE +0.93%)",44.56,44.47,win,win,11.18,-2.07,5,7
2026-03-12,SLB,confluence,buy,"Confluence (2): adjusted_drop, sector_drop",44.56,44.47,win,win,11.18,-2.07,5,7
2026-03-23,SLB,macd,buy,MACD bullish crossover (above SMA20),49.25,49.03,win,win,5.02,-0.39,2,5
2026-04-24,SLB,rel_strength,buy,"New 20-day high (+2.5% above prev, 1.5x vol)",56.15,56.12,loss,loss,-1.32,-6.04,,
2026-02-04,BSX,adjusted_drop,buy,"Market-adjusted drop -17.11% (stock -17.59%, market -0.48%)",75.5,77.35,loss,loss,-2.07,-6.02,,
2026-02-04,BSX,sector_drop,buy,"Sector-adjusted drop -18.85% (stock -17.59%, XLV +1.25%)",75.5,77.35,loss,loss,-2.07,-6.02,,
2026-02-04,BSX,confluence,buy,"Confluence (2): adjusted_drop, sector_drop",75.5,77.35,loss,loss,-2.07,-6.02,,
2026-04-22,BSX,gap_and_go,buy,Gap up +5.0% on 2.4x volume,64.87,65.57,loss,loss,-19.08,-19.46,,
2026-02-11,LYFT,adjusted_drop,buy,"Market-adjusted drop -16.95% (stock -16.97%, market -0.02%)",13.99,13.98,loss,loss,-5.76,-8.26,,
2026-02-11,LYFT,sector_drop,buy,"Sector-adjusted drop -16.49% (stock -16.97%, XLY -0.48%)",13.99,13.98,loss,loss,-5.76,-8.26,,
2026-02-11,LYFT,confluence,buy,"Confluence (2): adjusted_drop, sector_drop",13.99,13.98,loss,loss,-5.76,-8.26,,
2026-02-13,ET,macd,buy,MACD bullish crossover (above SMA20),18.43,18.38,loss,loss,-0.59,-2.41,,
2026-02-13,ET,rel_strength,buy,"New 20-day high (+2.3% above prev, 1.7x vol)",18.43,18.38,loss,loss,-0.59,-2.41,,
2026-03-24,ET,macd,buy,MACD bullish crossover (above SMA20),18.88,18.83,loss,loss,-2.35,-3.39,,
2026-04-28,ET,macd,buy,MACD bullish crossover (above SMA20),19.08,19.17,win,loss,6.37,-0.26,5,
2026-04-30,ET,rel_strength,buy,"New 20-day high (+1.9% above prev, 1.9x vol)",19.85,19.83,loss,loss,0.92,-3.47,,
2026-01-26,ASTS,adjusted_drop,buy,"Market-adjusted drop -8.25% (stock -7.74%, market +0.51%)",104.78,106.28,win,win,-21.88,-25.86,1,2
2026-02-04,ASTS,adjusted_drop,buy,"Market-adjusted drop -10.11% (stock -10.59%, market -0.48%)",103.5,98.6,win,loss,-13.02,-20.99,2,
2026-02-12,ASTS,adjusted_drop,buy,"Market-adjusted drop -13.62% (stock -15.17%, market -1.54%)",82.22,82.14,win,win,8.93,-6.05,3,12
2026-03-04,ASTS,macd,buy,MACD bullish crossover (above SMA20),104.89,103.03,loss,loss,-6.77,-19.59,,
2026-03-05,ASTS,adjusted_drop,buy,"Market-adjusted drop -9.96% (stock -10.52%, market -0.56%)",93.86,91.54,win,loss,-4.02,-9.49,1,
2026-03-26,ASTS,adjusted_drop,buy,"Market-adjusted drop -6.75% (stock -8.54%, market -1.79%)",87.86,89.44,win,win,-4.37,-19.67,6,6
2026-04-06,ASTS,macd,buy,MACD bullish crossover (above SMA20),94.81,93.1,win,win,-17.08,-21.05,2,6
2026-04-09,ASTS,adjusted_drop,buy,"Market-adjusted drop -5.60% (stock -5.03%, market +0.58%)",91.61,92.85,win,win,-20.41,-27.31,1,3
2026-04-14,ASTS,gap_and_go,buy,Gap up +4.0% on 2.7x volume,88.57,88.85,loss,loss,-28.11,-28.61,,
2026-04-17,ASTS,adjusted_drop,buy,"Market-adjusted drop -7.16% (stock -5.95%, market +1.21%)",85.53,74.1,win,win,1.28,-14.4,1,2
2026-05-11,ASTS,macd,buy,MACD bullish crossover (above SMA20),82.55,73.43,win,win,60.93,-4.78,1,3
2026-05-11,ASTS,gap_and_go,buy,Gap up +4.0% on 2.1x volume,82.55,73.43,win,win,60.93,-4.78,1,3
2026-04-30,CMG,gap_and_go,buy,Gap up +6.4% on 2.4x volume,33.99,34.0,loss,loss,-3.53,-6.97,,
2026-01-29,DVN,rel_strength,buy,"New 20-day high (+3.3% above prev, 1.6x vol)",39.73,39.4,win,win,12.07,-1.21,4,4
2026-03-09,DVN,volume_spike,buy,Volume spike 2.3x (dip in uptrend),44.59,44.25,win,win,16.43,-2.36,5,8
2026-03-13,DVN,macd,buy,MACD bullish crossover (above SMA20),46.25,46.0,win,win,7.93,-0.93,4,7
2026-03-16,DVN,rel_strength,buy,"New 20-day high (+1.1% above prev, 1.5x vol)",46.65,47.15,win,win,5.94,-0.83,3,9
2026-03-20,DVN,volume_spike,buy,Volume spike 3.6x (dip in uptrend),48.66,47.5,win,win,-0.48,-5.05,2,5
2026-03-31,DVN,adjusted_drop,buy,"Market-adjusted drop -5.24% (stock -2.33%, market +2.91%)",50.32,49.1,loss,loss,-4.03,-14.62,,
2026-04-14,DVN,adjusted_drop,buy,"Market-adjusted drop -5.49% (stock -4.27%, market +1.22%)",45.25,45.05,win,win,13.19,-6.95,6,10
2026-04-27,DVN,macd,buy,MACD bullish crossover (above SMA20),48.2,49.14,win,loss,1.1,-10.05,5,
2026-05-06,DVN,adjusted_drop,buy,"Market-adjusted drop -10.00% (stock -8.61%, market +1.39%)",46.6,45.67,win,win,-3.42,-3.96,7,9
2026-01-30,KO,rel_strength,buy,"New 20-day high (+1.1% above prev, 1.5x vol)",74.3,74.5,win,loss,7.4,-0.81,4,
2026-02-27,KO,macd,buy,MACD bullish crossover (above SMA20),81.0,80.7,loss,loss,-7.37,-7.81,,
2026-02-27,KO,rel_strength,buy,"New 20-day high (+1.1% above prev, 1.4x vol)",81.0,80.7,loss,loss,-7.37,-7.81,,
2026-04-02,KO,macd,buy,MACD bullish crossover (above SMA20),76.72,76.64,loss,loss,-0.01,-2.73,,
2026-04-24,KO,macd,buy,MACD bullish crossover (above SMA20),76.63,76.71,win,loss,5.36,-1.71,13,
2026-04-28,KO,volume_spike,buy,Volume spike 2.3x (dip in uptrend),78.35,78.37,win,loss,4.53,-0.82,15,
2026-04-28,KO,gap_and_go,buy,Gap up +5.4% on 2.3x volume,78.35,78.37,win,loss,4.53,-0.82,15,
2026-04-28,KO,rel_strength,buy,"New 20-day high (+2.6% above prev, 2.3x vol)",78.35,78.37,win,loss,4.53,-0.82,15,
2026-04-28,KO,confluence,buy,"Confluence (2): gap_and_go, rel_strength",78.35,78.37,win,loss,4.53,-0.82,15,
2026-01-29,META,gap_and_go,buy,Gap up +10.3% on 4.0x volume,737.68,726.88,loss,loss,-9.87,-13.66,,
2026-01-29,META,rel_strength,buy,"New 20-day high (+9.8% above prev, 4.0x vol)",737.68,726.88,loss,loss,-9.87,-13.66,,
2026-01-29,META,confluence,buy,"Confluence (2): gap_and_go, rel_strength",737.68,726.88,loss,loss,-9.87,-13.66,,
2026-03-04,META,macd,buy,MACD bullish crossover (above SMA20),667.16,661.36,loss,loss,-10.05,-11.21,,
2026-04-08,META,gap_and_go,buy,Gap up +5.4% on 1.9x volume,612.42,626.97,win,win,6.72,-0.63,4,7
2026-04-30,META,adjusted_drop,buy,"Market-adjusted drop -9.55% (stock -8.55%, market +0.99%)",611.91,614.69,loss,loss,-1.19,-3.59,,
2026-04-30,META,sector_drop,buy,"Sector-adjusted drop -9.61% (stock -8.55%, XLC +1.06%)",611.91,614.69,loss,loss,-1.19,-3.59,,
2026-04-30,META,confluence,buy,"Confluence (2): adjusted_drop, sector_drop",611.91,614.69,loss,loss,-1.19,-3.59,,
2026-03-02,HAL,rel_strength,buy,"New 20-day high (+2.3% above prev, 1.3x vol)",35.8,35.41,win,loss,5.94,-5.42,13,
2026-03-19,HAL,macd,buy,MACD bullish crossover (above SMA20),36.93,37.24,win,win,0.94,-3.2,5,7
2026-03-20,HAL,volume_spike,buy,Volume spike 3.7x (dip in uptrend),36.53,36.56,win,win,5.61,-1.39,2,5
2026-04-24,HAL,macd,buy,MACD bullish crossover (above SMA20),40.36,40.39,win,loss,3.39,-3.86,5,
2026-01-29,U,sector_drop,buy,"Sector-adjusted drop -6.99% (stock -4.38%, XLC +2.60%)",38.4,37.9,loss,loss,-51.85,-53.09,,
2026-01-30,U,adjusted_drop,buy,"Market-adjusted drop -23.92% (stock -24.22%, market -0.30%)",29.1,30.26,loss,loss,-43.39,-44.55,,
2026-02-02,U,gap_and_go,buy,Gap up +4.0% on 2.2x volume,28.81,28.73,loss,loss,-36.33,-41.58,,
2026-02-11,U,adjusted_drop,buy,"Market-adjusted drop -26.30% (stock -26.32%, market -0.02%)",21.41,20.98,loss,loss,-1.19,-20.02,,
2026-02-11,U,sector_drop,buy,"Sector-adjusted drop -25.61% (stock -26.32%, XLC -0.71%)",21.41,20.98,loss,loss,-1.19,-20.02,,
2026-02-11,U,confluence,buy,"Confluence (2): adjusted_drop, sector_drop",21.41,20.98,loss,loss,-1.19,-20.02,,
2026-03-27,U,volume_spike,buy,Volume spike 3.9x (dip in uptrend),19.45,19.58,win,win,35.46,-1.15,1,2
2026-03-27,U,gap_and_go,buy,Gap up +18.1% on 3.9x volume,19.45,19.58,win,win,35.46,-1.15,1,2
2026-03-30,U,earnings_drift,buy,"Post-catalyst drift: gap +18.1%, move +5.6%",20.54,20.7,win,win,22.75,-0.68,1,3
2026-03-31,U,rel_strength,buy,"New 20-day high (+4.1% above prev, 1.9x vol)",21.94,22.16,win,win,16.52,-5.78,3,10
2026-04-23,U,adjusted_drop,buy,"Market-adjusted drop -5.46% (stock -5.85%, market -0.39%)",24.31,24.72,win,win,10.36,-0.53,1,3
2026-04-23,U,sector_drop,buy,"Sector-adjusted drop -5.43% (stock -5.85%, XLC -0.42%)",24.31,24.72,win,win,10.36,-0.53,1,3
2026-04-23,U,confluence,buy,"Confluence (2): adjusted_drop, sector_drop",24.31,24.72,win,win,10.36,-0.53,1,3
2026-05-07,U,volume_spike,buy,Volume spike 3.1x (dip in uptrend),26.73,26.5,win,win,15.0,-5.64,1,14
2026-05-07,U,gap_and_go,buy,Gap up +9.5% on 3.1x volume,26.73,26.5,win,win,15.0,-5.64,1,14
2026-05-07,U,rel_strength,buy,"New 20-day high (+8.5% above prev, 3.1x vol)",26.73,26.5,win,win,15.0,-5.64,1,14
2026-05-07,U,confluence,buy,"Confluence (2): gap_and_go, rel_strength",26.73,26.5,win,win,15.0,-5.64,1,14
2026-05-08,U,earnings_drift,buy,"Post-catalyst drift: gap +9.5%, move +5.3%",28.16,27.93,win,win,15.18,-10.49,13,14
2026-01-26,CORZ,rel_strength,buy,"New 20-day high (+3.3% above prev, 1.7x vol)",19.05,19.4,loss,loss,-11.19,-24.18,,
2026-02-04,CORZ,adjusted_drop,buy,"Market-adjusted drop -8.48% (stock -8.96%, market -0.48%)",16.15,15.54,win,win,15.7,-5.34,2,3
2026-02-06,CORZ,gap_and_go,buy,Gap up +5.3% on 1.6x volume,16.81,16.56,win,win,-0.42,-3.02,1,1
2026-02-25,CORZ,sector_drop,buy,"Sector-adjusted drop -6.13% (stock +1.18%, BITO +7.30%)",18.08,18.03,loss,loss,-9.32,-20.16,,
2026-02-26,CORZ,macd,buy,MACD bullish crossover (above SMA20),17.98,17.32,loss,loss,-4.85,-16.89,,
2026-02-27,CORZ,adjusted_drop,buy,"Market-adjusted drop -5.14% (stock -5.62%, market -0.48%)",16.97,16.57,loss,loss,-4.59,-13.13,,
2026-03-16,CORZ,macd,buy,MACD bullish crossover (above SMA20),16.97,16.65,win,loss,1.08,-18.56,7,
2026-04-06,CORZ,macd,buy,MACD bullish crossover (above SMA20),16.29,16.06,win,win,31.38,-3.49,1,2
2026-04-08,CORZ,rel_strength,buy,"New 20-day high (+1.2% above prev, 1.3x vol)",17.66,17.81,win,win,9.83,-2.92,2,7
2026-04-21,CORZ,rel_strength,buy,"New 20-day high (+5.8% above prev, 2.1x vol)",20.77,21.33,win,win,6.84,-9.99,10,11
2026-05-05,CORZ,macd,buy,MACD bullish crossover (above SMA20),22.19,23.52,win,win,15.65,-11.52,1,14
2026-05-06,CORZ,gap_and_go,buy,Gap up +6.0% on 2.7x volume,24.63,22.44,win,win,23.68,-7.28,3,6
2026-05-06,CORZ,rel_strength,buy,"New 20-day high (+11.5% above prev, 2.7x vol)",24.63,22.44,win,win,23.68,-7.28,3,6
2026-05-06,CORZ,confluence,buy,"Confluence (2): gap_and_go, rel_strength",24.63,22.44,win,win,23.68,-7.28,3,6
2026-05-07,CORZ,volume_spike,buy,Volume spike 2.4x (dip in uptrend),22.36,23.07,win,win,16.41,-5.96,4,11
2026-05-07,CORZ,adjusted_drop,buy,"Market-adjusted drop -8.91% (stock -9.22%, market -0.31%)",22.36,23.07,win,win,16.41,-5.96,4,11
2026-05-07,CORZ,sector_drop,buy,"Sector-adjusted drop -7.51% (stock -9.22%, BITO -1.70%)",22.36,23.07,win,win,16.41,-5.96,4,11
2026-02-04,C,macd,buy,MACD bullish crossover (above SMA20),116.88,115.86,win,loss,-0.19,-7.65,2,
2026-03-19,C,macd,buy,MACD bullish crossover (above SMA20),109.33,109.08,win,win,13.49,-2.81,4,13
2026-01-27,TSM,macd,buy,MACD bullish crossover (above SMA20),337.39,342.07,win,win,5.61,-6.98,10,11
2026-02-09,TSM,macd,buy,MACD bullish crossover (above SMA20),354.41,363.31,win,loss,-3.07,-11.59,10,
2026-04-02,TSM,macd,buy,MACD bullish crossover (above SMA20),339.04,339.75,win,win,18.46,-1.21,3,3
2026-04-16,TSM,volume_spike,buy,Volume spike 2.0x (dip in uptrend),363.35,373.2,win,win,10.97,-2.4,6,7
2026-04-24,TSM,gap_and_go,buy,Gap up +3.5% on 1.6x volume,402.46,413.75,loss,loss,-2.27,-7.02,,
2026-04-24,TSM,rel_strength,buy,"New 20-day high (+5.3% above prev, 1.6x vol)",402.46,413.75,loss,loss,-2.27,-7.02,,
2026-04-24,TSM,confluence,buy,"Confluence (2): gap_and_go, rel_strength",402.46,413.75,loss,loss,-2.27,-7.02,,
2026-01-26,LUNR,adjusted_drop,buy,"Market-adjusted drop -8.55% (stock -8.04%, market +0.51%)",18.42,18.57,win,win,-10.5,-21.7,1,1
2026-01-26,LUNR,sector_drop,buy,"Sector-adjusted drop -8.14% (stock -8.04%, XLI +0.10%)",18.42,18.57,win,win,-10.5,-21.7,1,1
2026-01-26,LUNR,confluence,buy,"Confluence (2): adjusted_drop, sector_drop",18.42,18.57,win,win,-10.5,-21.7,1,1
2026-01-28,LUNR,rel_strength,buy,"New 20-day high (+4.0% above prev, 1.3x vol)",22.81,22.7,loss,loss,-19.89,-35.96,,
2026-02-04,LUNR,adjusted_drop,buy,"Market-adjusted drop -14.81% (stock -15.30%, market -0.48%)",16.61,15.98,win,win,10.61,-8.98,2,2
2026-02-04,LUNR,sector_drop,buy,"Sector-adjusted drop -15.56% (stock -15.30%, XLI +0.27%)",16.61,15.98,win,win,10.61,-8.98,2,2
2026-02-04,LUNR,confluence,buy,"Confluence (2): adjusted_drop, sector_drop",16.61,15.98,win,win,10.61,-8.98,2,2
2026-02-12,LUNR,adjusted_drop,buy,"Market-adjusted drop -6.20% (stock -7.75%, market -1.54%)",15.72,16.29,win,win,8.23,-5.38,3,3
2026-02-12,LUNR,sector_drop,buy,"Sector-adjusted drop -6.55% (stock -7.75%, XLI -1.20%)",15.72,16.29,win,win,8.23,-5.38,3,3
2026-02-12,LUNR,confluence,buy,"Confluence (2): adjusted_drop, sector_drop",15.72,16.29,win,win,8.23,-5.38,3,3
2026-02-25,LUNR,adjusted_drop,buy,"Market-adjusted drop -16.77% (stock -15.93%, market +0.84%)",15.89,16.01,win,win,13.12,-3.5,1,1
2026-02-25,LUNR,sector_drop,buy,"Sector-adjusted drop -15.15% (stock -15.93%, XLI -0.78%)",15.89,16.01,win,win,13.12,-3.5,1,1
2026-02-25,LUNR,confluence,buy,"Confluence (2): adjusted_drop, sector_drop",15.89,16.01,win,win,13.12,-3.5,1,1
2026-03-03,LUNR,macd,buy,MACD bullish crossover (above SMA20),18.2,18.23,win,win,-1.7,-10.31,3,13
2026-03-17,LUNR,macd,buy,MACD bullish crossover (above SMA20),18.9,18.79,win,win,24.48,-15.65,3,3
2026-03-23,LUNR,gap_and_go,buy,Gap up +3.4% on 1.7x volume,20.31,20.11,win,win,17.7,-21.18,2,8
2026-03-24,LUNR,adjusted_drop,buy,"Market-adjusted drop -11.43% (stock -11.77%, market -0.34%)",17.92,18.86,win,win,26.62,-15.96,1,1
2026-03-24,LUNR,sector_drop,buy,"Sector-adjusted drop -12.35% (stock -11.77%, XLI +0.58%)",17.92,18.86,win,win,26.62,-15.96,1,1
2026-03-24,LUNR,confluence,buy,"Confluence (2): adjusted_drop, sector_drop",17.92,18.86,win,win,26.62,-15.96,1,1
2026-03-25,LUNR,rel_strength,buy,"New 20-day high (+4.3% above prev, 1.8x vol)",20.55,19.97,win,win,36.6,-20.63,6,6
2026-04-01,LUNR,macd,buy,MACD bullish crossover (above SMA20),20.24,19.31,win,win,42.72,-0.52,1,1
2026-04-02,LUNR,rel_strength,buy,"New 20-day high (+11.3% above prev, 3.1x vol)",23.99,23.58,win,win,8.25,-7.02,3,7
2026-04-09,LUNR,adjusted_drop,buy,"Market-adjusted drop -6.65% (stock -6.07%, market +0.58%)",21.97,22.07,win,win,14.86,-0.59,1,2
2026-04-09,LUNR,sector_drop,buy,"Sector-adjusted drop -7.10% (stock -6.07%, XLI +1.03%)",21.97,22.07,win,win,14.86,-0.59,1,2
2026-04-09,LUNR,confluence,buy,"Confluence (2): adjusted_drop, sector_drop",21.97,22.07,win,win,14.86,-0.59,1,2
2026-04-13,LUNR,rel_strength,buy,"New 20-day high (+2.2% above prev, 1.3x vol)",24.41,25.8,win,win,-1.74,-12.52,3,5
2026-04-23,LUNR,adjusted_drop,buy,"Market-adjusted drop -7.56% (stock -7.95%, market -0.39%)",27.56,28.68,win,win,27.34,-20.68,12,12
2026-04-23,LUNR,sector_drop,buy,"Sector-adjusted drop -9.72% (stock -7.95%, XLI +1.77%)",27.56,28.68,win,win,27.34,-20.68,12,12
2026-04-23,LUNR,confluence,buy,"Confluence (2): adjusted_drop, sector_drop",27.56,28.68,win,win,27.34,-20.68,12,12
2026-05-07,LUNR,adjusted_drop,buy,"Market-adjusted drop -8.12% (stock -8.43%, market -0.31%)",24.11,25.05,win,win,74.97,-1.54,1,1
2026-05-07,LUNR,sector_drop,buy,"Sector-adjusted drop -6.81% (stock -8.43%, XLI -1.62%)",24.11,25.05,win,win,74.97,-1.54,1,1
2026-05-07,LUNR,confluence,buy,"Confluence (2): adjusted_drop, sector_drop",24.11,25.05,win,win,74.97,-1.54,1,1
2026-05-11,LUNR,macd,buy,MACD bullish crossover (above SMA20),32.42,31.22,win,win,26.75,-4.13,1,2
2026-01-29,CRM,adjusted_drop,buy,"Market-adjusted drop -5.89% (stock -6.09%, market -0.20%)",213.55,213.63,loss,loss,-13.54,-15.84,,
2026-04-23,CRM,adjusted_drop,buy,"Market-adjusted drop -8.31% (stock -8.69%, market -0.39%)",173.3,175.62,win,loss,-4.58,-6.43,3,
2026-04-23,CRM,sector_drop,buy,"Sector-adjusted drop -7.27% (stock -8.69%, XLK -1.42%)",173.3,175.62,win,loss,-4.58,-6.43,3,
2026-04-23,CRM,confluence,buy,"Confluence (2): adjusted_drop, sector_drop",173.3,175.62,win,loss,-4.58,-6.43,3,
2026-05-06,CRM,sector_drop,buy,"Sector-adjusted drop -5.76% (stock -3.10%, XLK +2.66%)",181.19,184.6,loss,loss,-4.57,-10.98,,
2026-01-30,DKNG,adjusted_drop,buy,"Market-adjusted drop -7.82% (stock -8.12%, market -0.30%)",27.51,27.66,loss,loss,-21.15,-24.04,,
2026-01-30,DKNG,sector_drop,buy,"Sector-adjusted drop -8.10% (stock -8.12%, XLY -0.02%)",27.51,27.66,loss,loss,-21.15,-24.04,,
2026-01-30,DKNG,confluence,buy,"Confluence (2): adjusted_drop, sector_drop",27.51,27.66,loss,loss,-21.15,-24.04,,
2026-02-13,DKNG,adjusted_drop,buy,"Market-adjusted drop -13.58% (stock -13.51%, market +0.07%)",21.76,21.89,win,win,14.94,-3.4,2,11
2026-02-13,DKNG,sector_drop,buy,"Sector-adjusted drop -13.56% (stock -13.51%, XLY +0.04%)",21.76,21.89,win,win,14.94,-3.4,2,11
2026-02-13,DKNG,confluence,buy,"Confluence (2): adjusted_drop, sector_drop",21.76,21.89,win,win,14.94,-3.4,2,11
2026-05-06,DKNG,rel_strength,buy,"New 20-day high (+2.6% above prev, 1.8x vol)",23.92,24.2,win,win,1.36,-1.86,2,2
2026-05-08,DKNG,volume_spike,buy,Volume spike 2.5x (dip in uptrend),25.52,25.18,win,loss,4.57,-6.51,15,
2026-05-08,DKNG,gap_and_go,buy,Gap up +4.7% on 2.5x volume,25.52,25.18,win,loss,4.57,-6.51,15,
2026-02-02,LCID,adjusted_drop,buy,"Market-adjusted drop -7.54% (stock -7.05%, market +0.50%)",10.29,10.3,win,win,-3.69,-11.46,4,6
2026-02-06,LCID,macd,buy,MACD bullish crossover (above SMA20),10.86,10.76,win,loss,-6.78,-15.24,2,
2026-02-11,LCID,adjusted_drop,buy,"Market-adjusted drop -7.94% (stock -7.97%, market -0.02%)",10.05,10.13,win,loss,-2.86,-9.97,2,
2026-03-12,LCID,adjusted_drop,buy,"Market-adjusted drop -6.35% (stock -7.87%, market -1.52%)",9.84,9.94,win,loss,0.25,-8.71,4,
2026-03-26,LCID,adjusted_drop,buy,"Market-adjusted drop -5.42% (stock -7.21%, market -1.79%)",9.91,9.84,loss,loss,-25.81,-26.52,,
2026-04-14,LCID,gap_and_go,buy,Gap up +4.8% on 5.2x volume,8.8,8.84,loss,loss,-29.3,-36.43,,
2026-04-30,KMI,macd,buy,MACD bullish crossover (above SMA20),32.57,32.52,win,loss,3.02,-5.04,13,
2026-03-31,CSX,macd,buy,MACD bullish crossover (above SMA20),40.92,41.2,win,loss,4.48,-2.4,12,
2026-04-23,CSX,gap_and_go,buy,Gap up +5.3% on 2.1x volume,46.04,45.72,loss,loss,0.13,-3.55,,
2026-04-23,CSX,rel_strength,buy,"New 20-day high (+6.3% above prev, 2.1x vol)",46.04,45.72,loss,loss,0.13,-3.55,,
2026-04-23,CSX,confluence,buy,"Confluence (2): gap_and_go, rel_strength",46.04,45.72,loss,loss,0.13,-3.55,,
2026-01-29,CVX,rel_strength,buy,"New 20-day high (+2.6% above prev, 1.4x vol)",167.99,169.4,win,loss,7.59,-0.78,4,
2026-03-02,CVX,rel_strength,buy,"New 20-day high (+1.9% above prev, 1.4x vol)",187.88,188.79,win,loss,7.71,-3.34,11,
2026-03-12,CVX,macd,buy,MACD bullish crossover (above SMA20),195.18,194.22,win,loss,1.52,-0.67,8,
2026-03-12,CVX,rel_strength,buy,"New 20-day high (+3.4% above prev, 2.5x vol)",195.18,194.22,win,loss,1.52,-0.67,8,
2026-03-20,CVX,rel_strength,buy,"New 20-day high (+1.3% above prev, 2.8x vol)",199.9,196.83,win,loss,-3.45,-6.12,2,
2026-04-01,CVX,adjusted_drop,buy,"Market-adjusted drop -5.34% (stock -4.59%, market +0.75%)",195.62,200.67,loss,loss,-7.36,-12.23,,
2026-04-29,CVX,macd,buy,MACD bullish crossover (above SMA20),190.48,188.52,win,loss,1.49,-5.63,14,
2026-05-06,CVX,adjusted_drop,buy,"Market-adjusted drop -5.27% (stock -3.88%, market +1.39%)",183.48,179.93,win,win,1.72,-1.13,7,9
2026-02-04,BMY,macd,buy,MACD bullish crossover (above SMA20),57.03,58.31,win,loss,3.72,-1.54,2,
2026-02-04,BMY,rel_strength,buy,"New 20-day high (+1.6% above prev, 1.7x vol)",57.03,58.31,win,loss,3.72,-1.54,2,
2026-02-27,BMY,macd,buy,MACD bullish crossover (above SMA20),61.73,61.73,loss,loss,-7.84,-8.75,,
2026-03-31,BMY,macd,buy,MACD bullish crossover (above SMA20),60.03,60.59,loss,loss,-2.95,-5.55,,
2026-04-17,BMY,macd,buy,MACD bullish crossover (above SMA20),60.17,60.0,loss,loss,-6.4,-7.38,,
2026-04-30,BMY,macd,buy,MACD bullish crossover (above SMA20),60.59,60.02,loss,loss,-0.78,-7.68,,
2026-01-29,COIN,sector_drop,buy,"Sector-adjusted drop -5.95% (stock -4.89%, XLF +1.06%)",199.18,198.7,loss,loss,-13.76,-29.86,,
2026-02-04,COIN,adjusted_drop,buy,"Market-adjusted drop -5.66% (stock -6.14%, market -0.48%)",168.62,160.43,win,win,12.86,-13.13,8,14
2026-02-06,COIN,gap_and_go,buy,Gap up +5.8% on 1.8x volume,165.12,160.1,win,win,15.7,-12.95,6,12
2026-02-12,COIN,adjusted_drop,buy,"Market-adjusted drop -6.36% (stock -7.90%, market -1.54%)",141.09,153.7,win,win,28.31,-4.91,1,2
2026-02-12,COIN,sector_drop,buy,"Sector-adjusted drop -5.91% (stock -7.90%, XLF -1.99%)",141.09,153.7,win,win,28.31,-4.91,1,2
2026-02-12,COIN,confluence,buy,"Confluence (2): adjusted_drop, sector_drop",141.09,153.7,win,win,28.31,-4.91,1,2
2026-02-25,COIN,gap_and_go,buy,Gap up +6.0% on 1.6x volume,183.94,181.44,win,win,11.49,-5.31,5,5
2026-03-04,COIN,rel_strength,buy,"New 20-day high (+12.4% above prev, 1.7x vol)",208.93,205.75,loss,loss,-11.98,-13.68,,
2026-03-24,COIN,adjusted_drop,buy,"Market-adjusted drop -9.42% (stock -9.76%, market -0.34%)",181.04,184.58,win,loss,6.13,-14.15,15,
2026-03-24,COIN,sector_drop,buy,"Sector-adjusted drop -9.78% (stock -9.76%, XLF +0.02%)",181.04,184.58,win,loss,6.13,-14.15,15,
2026-03-24,COIN,confluence,buy,"Confluence (2): adjusted_drop, sector_drop",181.04,184.58,win,loss,6.13,-14.15,15,
2026-04-14,COIN,macd,buy,MACD bullish crossover (above SMA20),184.41,185.66,win,win,6.51,-4.33,1,3
2026-04-17,COIN,rel_strength,buy,"New 20-day high (+5.1% above prev, 1.5x vol)",206.33,201.04,win,loss,0.06,-11.65,1,
2026-04-21,COIN,adjusted_drop,buy,"Market-adjusted drop -6.75% (stock -7.41%, market -0.65%)",195.95,204.18,win,loss,1.69,-13.01,14,
2026-04-21,COIN,sector_drop,buy,"Sector-adjusted drop -6.78% (stock -7.41%, XLF -0.63%)",195.95,204.18,win,loss,1.69,-13.01,14,
2026-04-21,COIN,confluence,buy,"Confluence (2): adjusted_drop, sector_drop",195.95,204.18,win,loss,1.69,-13.01,14,
2026-04-29,COIN,adjusted_drop,buy,"Market-adjusted drop -6.36% (stock -6.37%, market -0.02%)",181.73,181.6,win,win,5.34,-0.94,2,3
2026-04-29,COIN,sector_drop,buy,"Sector-adjusted drop -6.51% (stock -6.37%, XLF +0.14%)",181.73,181.6,win,win,5.34,-0.94,2,3
2026-04-29,COIN,confluence,buy,"Confluence (2): adjusted_drop, sector_drop",181.73,181.6,win,win,5.34,-0.94,2,3
2026-05-04,COIN,macd,buy,MACD bullish crossover (above SMA20),202.99,208.88,win,loss,-13.82,-14.25,8,
2026-02-03,DAL,macd,buy,MACD bullish crossover (above SMA20),70.06,70.21,win,loss,-1.71,-6.08,3,
2026-02-06,DAL,rel_strength,buy,"New 20-day high (+3.7% above prev, 1.6x vol)",74.95,74.8,loss,loss,-14.33,-17.86,,
2026-02-19,DAL,sector_drop,buy,"Sector-adjusted drop -5.90% (stock -5.16%, XLI +0.74%)",67.08,66.95,win,loss,-13.69,-17.65,5,
2026-02-27,DAL,adjusted_drop,buy,"Market-adjusted drop -6.34% (stock -6.82%, market -0.48%)",65.53,62.76,loss,loss,0.81,-12.16,,
2026-02-27,DAL,sector_drop,buy,"Sector-adjusted drop -7.07% (stock -6.82%, XLI +0.25%)",65.53,62.76,loss,loss,0.81,-12.16,,
2026-02-27,DAL,confluence,buy,"Confluence (2): adjusted_drop, sector_drop",65.53,62.76,loss,loss,0.81,-12.16,,
2026-03-17,DAL,gap_and_go,buy,Gap up +4.3% on 1.9x volume,64.66,64.08,win,win,5.96,-2.44,6,15
2026-03-18,DAL,macd,buy,MACD bullish crossover (above SMA20),63.64,62.61,win,win,8.04,-0.16,3,14
2026-04-08,DAL,rel_strength,buy,"New 20-day high (+8.1% above prev, 1.4x vol)",67.9,67.46,win,win,-2.03,-2.78,4,7
2026-05-06,DAL,macd,buy,MACD bullish crossover (above SMA20),73.15,74.04,win,win,11.41,-8.49,13,14
2026-04-08,BABA,gap_and_go,buy,Gap up +7.0% on 1.6x volume,125.32,124.52,win,win,4.75,-0.45,4,6
2026-04-16,BABA,rel_strength,buy,"New 20-day high (+1.3% above prev, 1.5x vol)",138.59,141.15,loss,loss,-0.11,-8.64,,
2026-05-06,BABA,gap_and_go,buy,Gap up +3.8% on 1.8x volume,141.44,143.76,loss,loss,-12.25,-14.07,,
2026-01-30,RBLX,adjusted_drop,buy,"Market-adjusted drop -12.87% (stock -13.17%, market -0.30%)",65.76,67.02,win,win,-6.85,-10.92,6,6
2026-01-30,RBLX,sector_drop,buy,"Sector-adjusted drop -13.41% (stock -13.17%, XLC +0.24%)",65.76,67.02,win,win,-6.85,-10.92,6,6
2026-01-30,RBLX,confluence,buy,"Confluence (2): adjusted_drop, sector_drop",65.76,67.02,win,win,-6.85,-10.92,6,6
2026-02-06,RBLX,gap_and_go,buy,Gap up +11.3% on 2.3x volume,66.42,68.76,win,win,-1.92,-13.18,1,2
2026-02-12,RBLX,adjusted_drop,buy,"Market-adjusted drop -6.92% (stock -8.46%, market -1.54%)",63.15,64.01,win,win,-0.75,-6.73,7,9
2026-02-12,RBLX,sector_drop,buy,"Sector-adjusted drop -6.67% (stock -8.46%, XLC -1.80%)",63.15,64.01,win,win,-0.75,-6.73,7,9
2026-02-12,RBLX,confluence,buy,"Confluence (2): adjusted_drop, sector_drop",63.15,64.01,win,win,-0.75,-6.73,7,9
2026-04-23,RBLX,adjusted_drop,buy,"Market-adjusted drop -6.64% (stock -7.03%, market -0.39%)",55.45,54.85,win,loss,-20.29,-26.8,2,
2026-04-23,RBLX,sector_drop,buy,"Sector-adjusted drop -6.61% (stock -7.03%, XLC -0.42%)",55.45,54.85,win,loss,-20.29,-26.8,2,
2026-04-23,RBLX,confluence,buy,"Confluence (2): adjusted_drop, sector_drop",55.45,54.85,win,loss,-20.29,-26.8,2,
2026-03-06,JD,gap_and_go,buy,Gap up +3.5% on 2.4x volume,26.1,26.01,win,win,6.53,-0.48,4,13
2026-03-09,JD,macd,buy,MACD bullish crossover (above SMA20),26.52,26.64,win,loss,4.89,-1.83,5,
2026-03-25,JD,gap_and_go,buy,Gap up +4.3% on 2.4x volume,28.73,27.93,win,win,12.18,-2.99,13,13
2026-03-25,JD,rel_strength,buy,"New 20-day high (+2.4% above prev, 2.4x vol)",28.73,27.93,win,win,12.18,-2.99,13,13
2026-03-25,JD,confluence,buy,"Confluence (2): gap_and_go, rel_strength",28.73,27.93,win,win,12.18,-2.99,13,13
2026-04-14,JD,rel_strength,buy,"New 20-day high (+7.7% above prev, 2.2x vol)",31.25,31.05,loss,loss,-4.41,-5.22,,
2026-01-30,SHOP,adjusted_drop,buy,"Market-adjusted drop -8.34% (stock -8.64%, market -0.30%)",131.23,132.0,win,loss,-11.15,-20.52,8,
2026-01-30,SHOP,sector_drop,buy,"Sector-adjusted drop -8.62% (stock -8.64%, XLY -0.02%)",131.23,132.0,win,loss,-11.15,-20.52,8,
2026-01-30,SHOP,confluence,buy,"Confluence (2): adjusted_drop, sector_drop",131.23,132.0,win,loss,-11.15,-20.52,8,
2026-02-10,SHOP,gap_and_go,buy,Gap up +3.6% on 2.3x volume,127.24,138.9,loss,loss,-6.66,-24.46,,
2026-02-11,SHOP,adjusted_drop,buy,"Market-adjusted drop -6.68% (stock -6.70%, market -0.02%)",118.71,120.69,win,win,11.68,-13.07,6,15
2026-02-11,SHOP,sector_drop,buy,"Sector-adjusted drop -6.22% (stock -6.70%, XLY -0.48%)",118.71,120.69,win,win,11.68,-13.07,6,15
2026-02-11,SHOP,confluence,buy,"Confluence (2): adjusted_drop, sector_drop",118.71,120.69,win,win,11.68,-13.07,6,15
2026-04-14,SHOP,macd,buy,MACD bullish crossover (above SMA20),117.64,119.1,win,win,-9.63,-11.34,1,3
2026-04-23,SHOP,adjusted_drop,buy,"Market-adjusted drop -5.47% (stock -5.86%, market -0.39%)",124.23,124.5,loss,loss,-21.75,-24.5,,
2026-05-04,SHOP,macd,buy,MACD bullish crossover (above SMA20),127.55,116.05,loss,loss,-9.61,-19.0,,
2026-05-05,SHOP,adjusted_drop,buy,"Market-adjusted drop -16.42% (stock -15.62%, market +0.80%)",107.63,108.61,loss,loss,-1.85,-13.45,,
2026-05-05,SHOP,sector_drop,buy,"Sector-adjusted drop -15.91% (stock -15.62%, XLY +0.30%)",107.63,108.61,loss,loss,-1.85,-13.45,,
2026-05-05,SHOP,confluence,buy,"Confluence (2): adjusted_drop, sector_drop",107.63,108.61,loss,loss,-1.85,-13.45,,
2026-01-29,BE,adjusted_drop,buy,"Market-adjusted drop -5.17% (stock -5.37%, market -0.20%)",156.51,156.4,win,win,-5.66,-16.24,3,3
2026-01-29,BE,sector_drop,buy,"Sector-adjusted drop -5.37% (stock -5.37%, XLU +0.00%)",156.51,156.4,win,win,-5.66,-16.24,3,3
2026-01-29,BE,confluence,buy,"Confluence (2): adjusted_drop, sector_drop",156.51,156.4,win,win,-5.66,-16.24,3,3
2026-02-06,BE,gap_and_go,buy,Gap up +12.2% on 1.6x volume,143.03,145.0,win,win,14.48,-9.66,1,3
2026-02-10,BE,sector_drop,buy,"Sector-adjusted drop -5.83% (stock -4.17%, XLU +1.66%)",148.7,153.5,win,win,7.35,-14.66,8,9
2026-02-12,BE,adjusted_drop,buy,"Market-adjusted drop -9.07% (stock -10.61%, market -1.54%)",139.03,136.21,win,win,-0.75,-3.82,1,3
2026-02-20,BE,sector_drop,buy,"Sector-adjusted drop -7.68% (stock -7.20%, XLU +0.48%)",147.55,147.7,win,win,4.61,-10.29,1,2
2026-02-25,BE,macd,buy,MACD bullish crossover (above SMA20),174.77,172.6,loss,loss,-9.28,-23.23,,
2026-02-27,BE,adjusted_drop,buy,"Market-adjusted drop -7.17% (stock -7.65%, market -0.48%)",155.67,153.41,win,win,-2.14,-13.63,1,15
2026-03-03,BE,sector_drop,buy,"Sector-adjusted drop -7.19% (stock -7.82%, XLU -0.63%)",153.02,155.7,win,loss,-6.31,-14.9,1,
2026-03-20,BE,adjusted_drop,buy,"Market-adjusted drop -8.51% (stock -9.94%, market -1.43%)",150.12,155.99,win,win,13.26,-25.31,14,15
2026-03-20,BE,sector_drop,buy,"Sector-adjusted drop -5.88% (stock -9.94%, XLU -4.06%)",150.12,155.99,win,win,13.26,-25.31,14,15
2026-03-20,BE,confluence,buy,"Confluence (2): adjusted_drop, sector_drop",150.12,155.99,win,win,13.26,-25.31,14,15
2026-04-09,BE,macd,buy,MACD bullish crossover (above SMA20),160.13,161.88,win,win,75.04,-0.95,1,3
2026-04-14,BE,gap_and_go,buy,Gap up +14.8% on 2.6x volume,219.03,218.99,win,win,34.82,-8.57,5,7
2026-04-14,BE,rel_strength,buy,"New 20-day high (+23.5% above prev, 2.6x vol)",219.03,218.99,win,win,34.82,-8.57,5,7
2026-04-14,BE,confluence,buy,"Confluence (2): gap_and_go, rel_strength",219.03,218.99,win,win,34.82,-8.57,5,7
2026-04-29,BE,gap_and_go,buy,Gap up +22.2% on 1.9x volume,287.97,295.73,loss,loss,-4.54,-18.25,,
2026-04-29,BE,rel_strength,buy,"New 20-day high (+19.9% above prev, 1.9x vol)",287.97,295.73,loss,loss,-4.54,-18.25,,
2026-04-29,BE,confluence,buy,"Confluence (2): gap_and_go, rel_strength",287.97,295.73,loss,loss,-4.54,-18.25,,
2026-05-07,BE,adjusted_drop,buy,"Market-adjusted drop -9.09% (stock -9.40%, market -0.31%)",258.64,271.22,win,win,5.08,-10.87,2,5
2026-05-07,BE,sector_drop,buy,"Sector-adjusted drop -8.11% (stock -9.40%, XLU -1.29%)",258.64,271.22,win,win,5.08,-10.87,2,5
2026-05-07,BE,confluence,buy,"Confluence (2): adjusted_drop, sector_drop",258.64,271.22,win,win,5.08,-10.87,2,5
2026-02-02,SCHW,macd,buy,MACD bullish crossover (above SMA20),104.44,104.49,loss,loss,-11.2,-12.96,,
2026-02-10,SCHW,adjusted_drop,buy,"Market-adjusted drop -7.16% (stock -7.42%, market -0.26%)",98.56,100.21,loss,loss,-4.5,-9.24,,
2026-02-10,SCHW,sector_drop,buy,"Sector-adjusted drop -6.70% (stock -7.42%, XLF -0.72%)",98.56,100.21,loss,loss,-4.5,-9.24,,
2026-02-10,SCHW,confluence,buy,"Confluence (2): adjusted_drop, sector_drop",98.56,100.21,loss,loss,-4.5,-9.24,,
2026-04-14,SCHW,rel_strength,buy,"New 20-day high (+1.1% above prev, 1.4x vol)",98.03,99.04,loss,loss,-7.04,-11.63,,
2026-04-16,SCHW,adjusted_drop,buy,"Market-adjusted drop -7.88% (stock -7.63%, market +0.25%)",92.29,93.02,loss,loss,-4.12,-5.9,,
2026-04-16,SCHW,sector_drop,buy,"Sector-adjusted drop -7.36% (stock -7.63%, XLF -0.27%)",92.29,93.02,loss,loss,-4.12,-5.9,,
2026-04-16,SCHW,confluence,buy,"Confluence (2): adjusted_drop, sector_drop",92.29,93.02,loss,loss,-4.12,-5.9,,
2026-01-26,UUUU,gap_and_go,buy,Gap up +4.9% on 1.8x volume,23.33,22.97,win,win,-10.45,-16.28,1,2
2026-01-26,UUUU,rel_strength,buy,"New 20-day high (+3.4% above prev, 1.8x vol)",23.33,22.97,win,win,-10.45,-16.28,1,2
2026-01-26,UUUU,adjusted_drop,buy,"Market-adjusted drop -9.02% (stock -8.51%, market +0.51%)",23.33,22.97,win,win,-10.45,-16.28,1,2
2026-01-26,UUUU,confluence,buy,"Confluence (3): gap_and_go, rel_strength, adjusted_drop",23.33,22.97,win,win,-10.45,-16.28,1,2
2026-02-04,UUUU,adjusted_drop,buy,"Market-adjusted drop -12.19% (stock -12.68%, market -0.48%)",21.42,20.45,win,win,11.69,-5.97,3,3
2026-02-27,UUUU,adjusted_drop,buy,"Market-adjusted drop -6.17% (stock -6.65%, market -0.48%)",21.32,20.9,win,win,-19.86,-21.39,1,1
2026-04-15,UUUU,rel_strength,buy,"New 20-day high (+3.8% above prev, 1.3x vol)",21.0,21.5,win,win,9.4,-9.49,5,15
2026-04-24,UUUU,adjusted_drop,buy,"Market-adjusted drop -8.03% (stock -7.26%, market +0.77%)",20.32,20.31,win,win,-9.35,-10.04,1,6
2026-05-06,UUUU,rel_strength,buy,"New 20-day high (+2.5% above prev, 1.4x vol)",23.52,23.66,win,loss,-22.06,-32.25,1,
2026-05-07,UUUU,volume_spike,buy,Volume spike 2.2x (dip in uptrend),23.35,23.39,loss,loss,-22.1,-31.47,,
2026-05-08,UUUU,adjusted_drop,buy,"Market-adjusted drop -9.26% (stock -8.44%, market +0.83%)",21.38,21.62,win,loss,-18.5,-25.86,1,
2026-01-28,TME,macd,buy,MACD bullish crossover (above SMA20),16.78,17.01,loss,loss,-12.82,-13.89,,
2026-02-10,TME,macd,buy,MACD bullish crossover (above SMA20),16.44,16.38,loss,loss,-15.93,-18.07,,
2026-02-12,TME,adjusted_drop,buy,"Market-adjusted drop -9.02% (stock -10.57%, market -1.54%)",14.75,14.71,win,loss,-9.8,-11.57,1,
2026-02-12,TME,sector_drop,buy,"Sector-adjusted drop -8.77% (stock -10.57%, XLC -1.80%)",14.75,14.71,win,loss,-9.8,-11.57,1,
2026-02-12,TME,confluence,buy,"Confluence (2): adjusted_drop, sector_drop",14.75,14.71,win,loss,-9.8,-11.57,1,
2026-03-30,IQ,gap_and_go,buy,Gap up +8.3% on 2.9x volume,1.27,1.28,win,win,3.13,-3.91,1,10
2026-04-14,IQ,rel_strength,buy,"New 20-day high (+2.5% above prev, 2.0x vol)",1.41,1.4,win,loss,-14.29,-23.57,3,
2026-01-26,RUN,rel_strength,buy,"New 20-day high (+2.3% above prev, 1.4x vol)",20.01,19.83,win,win,-2.47,-10.74,1,2
2026-01-29,RUN,adjusted_drop,buy,"Market-adjusted drop -7.51% (stock -7.71%, market -0.20%)",19.76,19.41,win,loss,4.48,-8.81,4,
2026-01-29,RUN,sector_drop,buy,"Sector-adjusted drop -7.71% (stock -7.71%, XLU +0.00%)",19.76,19.41,win,loss,4.48,-8.81,4,
2026-01-29,RUN,confluence,buy,"Confluence (2): adjusted_drop, sector_drop",19.76,19.41,win,loss,4.48,-8.81,4,
2026-02-04,RUN,macd,buy,MACD bullish crossover (above SMA20),20.73,19.94,win,loss,2.41,-10.63,5,
2026-02-04,RUN,gap_and_go,buy,Gap up +7.2% on 1.8x volume,20.73,19.94,win,loss,2.41,-10.63,5,
2026-02-11,RUN,adjusted_drop,buy,"Market-adjusted drop -7.24% (stock -7.26%, market -0.02%)",19.16,19.25,win,loss,-38.75,-40.31,4,
2026-02-11,RUN,sector_drop,buy,"Sector-adjusted drop -8.14% (stock -7.26%, XLU +0.88%)",19.16,19.25,win,loss,-38.75,-40.31,4,
2026-02-11,RUN,confluence,buy,"Confluence (2): adjusted_drop, sector_drop",19.16,19.25,win,loss,-38.75,-40.31,4,
2026-02-20,RUN,macd,buy,MACD bullish crossover (above SMA20),20.28,20.0,loss,loss,-39.3,-46.1,,
2026-02-27,RUN,adjusted_drop,buy,"Market-adjusted drop -34.63% (stock -35.11%, market -0.48%)",13.25,12.9,win,loss,-5.27,-16.43,13,
2026-02-27,RUN,sector_drop,buy,"Sector-adjusted drop -36.28% (stock -35.11%, XLU +1.17%)",13.25,12.9,win,loss,-5.27,-16.43,13,
2026-02-27,RUN,confluence,buy,"Confluence (2): adjusted_drop, sector_drop",13.25,12.9,win,loss,-5.27,-16.43,13,
2026-05-06,RUN,adjusted_drop,buy,"Market-adjusted drop -6.07% (stock -4.68%, market +1.39%)",12.83,14.43,win,win,10.12,-11.92,1,15
2026-05-07,RUN,gap_and_go,buy,Gap up +12.5% on 1.9x volume,13.8,14.13,win,win,18.33,-10.05,2,14
2026-05-07,RUN,rel_strength,buy,"New 20-day high (+13.4% above prev, 1.9x vol)",13.8,14.13,win,win,18.33,-10.05,2,14
2026-05-07,RUN,confluence,buy,"Confluence (2): gap_and_go, rel_strength",13.8,14.13,win,win,18.33,-10.05,2,14
2026-01-30,LRCX,adjusted_drop,buy,"Market-adjusted drop -5.63% (stock -5.93%, market -0.30%)",233.18,233.05,win,loss,3.83,-12.33,2,
2026-02-04,LRCX,sector_drop,buy,"Sector-adjusted drop -6.04% (stock -8.83%, XLK -2.79%)",209.53,207.88,win,win,14.87,-1.71,2,2
2026-02-25,LRCX,macd,buy,MACD bullish crossover (above SMA20),249.18,245.74,loss,loss,-8.56,-21.02,,
2026-03-03,LRCX,adjusted_drop,buy,"Market-adjusted drop -5.06% (stock -5.94%, market -0.88%)",217.01,221.71,win,loss,7.73,-12.46,12,
2026-03-06,LRCX,sector_drop,buy,"Sector-adjusted drop -5.09% (stock -7.15%, XLK -2.06%)",199.33,195.0,win,win,8.42,-0.47,1,2
2026-03-19,LRCX,macd,buy,MACD bullish crossover (above SMA20),233.99,234.32,win,win,12.52,-15.24,13,14
2026-03-20,LRCX,volume_spike,buy,Volume spike 2.5x (dip in uptrend),228.36,230.39,win,win,16.03,-13.8,12,13
2026-03-26,LRCX,adjusted_drop,buy,"Market-adjusted drop -7.57% (stock -9.35%, market -1.79%)",211.62,209.67,win,win,27.63,-5.28,4,8
2026-03-26,LRCX,sector_drop,buy,"Sector-adjusted drop -6.24% (stock -9.35%, XLK -3.11%)",211.62,209.67,win,win,27.63,-5.28,4,8
2026-03-26,LRCX,confluence,buy,"Confluence (2): adjusted_drop, sector_drop",211.62,209.67,win,win,27.63,-5.28,4,8
2026-04-07,LRCX,macd,buy,MACD bullish crossover (above SMA20),224.35,242.75,win,win,3.49,-0.52,2,3
2026-05-06,LRCX,macd,buy,MACD bullish crossover (above SMA20),297.17,297.03,win,win,7.06,-11.22,13,14
2026-05-06,LRCX,gap_and_go,buy,Gap up +4.1% on 1.6x volume,297.17,297.03,win,win,7.06,-11.22,13,14
2026-05-06,LRCX,rel_strength,buy,"New 20-day high (+6.4% above prev, 1.6x vol)",297.17,297.03,win,win,7.06,-11.22,13,14
2026-05-06,LRCX,confluence,buy,"Confluence (2): gap_and_go, rel_strength",297.17,297.03,win,win,7.06,-11.22,13,14
2026-02-23,PG,macd,buy,MACD bullish crossover (above SMA20),163.94,163.67,loss,loss,-7.75,-8.93,,
2026-04-24,PG,gap_and_go,buy,Gap up +5.1% on 1.6x volume,148.18,147.42,loss,loss,-3.97,-4.22,,
2026-04-24,PG,rel_strength,buy,"New 20-day high (+4.1% above prev, 1.6x vol)",148.18,147.42,loss,loss,-3.97,-4.22,,
2026-04-24,PG,confluence,buy,"Confluence (2): gap_and_go, rel_strength",148.18,147.42,loss,loss,-3.97,-4.22,,
2026-02-02,DIS,adjusted_drop,buy,"Market-adjusted drop -7.90% (stock -7.40%, market +0.50%)",104.45,104.78,win,loss,1.21,-3.59,6,
2026-02-02,DIS,sector_drop,buy,"Sector-adjusted drop -7.06% (stock -7.40%, XLC -0.34%)",104.45,104.78,win,loss,1.21,-3.59,6,
2026-02-02,DIS,confluence,buy,"Confluence (2): adjusted_drop, sector_drop",104.45,104.78,win,loss,1.21,-3.59,6,
2026-04-30,DIS,macd,buy,MACD bullish crossover (above SMA20),103.75,104.4,win,loss,-0.79,-4.16,5,
2026-05-06,DIS,gap_and_go,buy,Gap up +6.0% on 2.9x volume,108.06,109.05,loss,loss,-4.88,-6.83,,
2026-05-06,DIS,rel_strength,buy,"New 20-day high (+1.9% above prev, 2.9x vol)",108.06,109.05,loss,loss,-4.88,-6.83,,
2026-05-06,DIS,confluence,buy,"Confluence (2): gap_and_go, rel_strength",108.06,109.05,loss,loss,-4.88,-6.83,,
2026-01-28,ON,rel_strength,buy,"New 20-day high (+1.7% above prev, 1.4x vol)",64.93,63.75,win,win,6.81,-9.66,9,10
2026-02-06,ON,macd,buy,MACD bullish crossover (above SMA20),65.2,64.82,win,win,2.56,-1.33,2,3
2026-02-10,ON,rel_strength,buy,"New 20-day high (+2.9% above prev, 2.1x vol)",67.38,69.24,win,loss,-9.69,-10.21,2,
2026-03-06,ON,adjusted_drop,buy,"Market-adjusted drop -5.23% (stock -6.54%, market -1.31%)",56.87,55.97,win,win,4.25,-1.75,1,8
2026-03-24,ON,macd,buy,MACD bullish crossover (above SMA20),62.34,63.88,win,win,13.38,-13.85,10,13
2026-03-31,ON,gap_and_go,buy,Gap up +3.0% on 1.7x volume,61.92,62.78,win,win,41.75,-4.87,5,6
2026-04-08,ON,rel_strength,buy,"New 20-day high (+6.0% above prev, 1.4x vol)",68.38,68.48,win,win,44.36,-0.85,4,6
2026-04-16,ON,rel_strength,buy,"New 20-day high (+11.0% above prev, 2.6x vol)",79.93,80.34,win,win,25.23,-0.7,2,4
2026-04-23,ON,gap_and_go,buy,Gap up +4.3% on 2.4x volume,97.78,99.23,win,win,19.29,-6.84,7,14
2026-04-24,ON,rel_strength,buy,"New 20-day high (+1.1% above prev, 1.4x vol)",98.4,98.13,win,win,15.27,-5.8,5,13
2026-05-04,ON,rel_strength,buy,"New 20-day high (+1.6% above prev, 1.6x vol)",102.04,97.65,win,win,30.06,-1.61,1,7
2026-01-26,COP,macd,buy,MACD bullish crossover (above SMA20),96.97,97.26,win,win,10.16,-0.47,3,10
2026-01-29,COP,rel_strength,buy,"New 20-day high (+2.7% above prev, 1.7x vol)",101.25,100.77,win,win,8.88,-1.77,4,12
2026-03-02,COP,macd,buy,MACD bullish crossover (above SMA20),117.37,119.96,win,loss,5.25,-6.55,14,
2026-03-02,COP,volume_spike,buy,Volume spike 2.5x (dip in uptrend),117.37,119.96,win,loss,5.25,-6.55,14,
2026-03-02,COP,gap_and_go,buy,Gap up +5.1% on 2.5x volume,117.37,119.96,win,loss,5.25,-6.55,14,
2026-03-02,COP,rel_strength,buy,"New 20-day high (+4.8% above prev, 2.5x vol)",117.37,119.96,win,loss,5.25,-6.55,14,
2026-03-02,COP,confluence,buy,"Confluence (2): gap_and_go, rel_strength",117.37,119.96,win,loss,5.25,-6.55,14,
2026-03-12,COP,macd,buy,MACD bullish crossover (above SMA20),119.37,118.8,win,win,9.06,-0.37,5,10
2026-03-20,COP,rel_strength,buy,"New 20-day high (+1.4% above prev, 3.1x vol)",125.98,122.72,win,loss,-0.01,-2.37,2,
2026-04-08,COP,adjusted_drop,buy,"Market-adjusted drop -7.52% (stock -4.97%, market +2.55%)",124.3,125.36,loss,loss,1.55,-11.15,,
2026-04-17,COP,adjusted_drop,buy,"Market-adjusted drop -5.76% (stock -4.55%, market +1.21%)",115.18,115.98,win,loss,-2.54,-2.76,3,
2026-04-29,COP,macd,buy,MACD bullish crossover (above SMA20),127.3,123.62,loss,loss,-1.02,-8.77,,
2026-02-03,MRK,macd,buy,MACD bullish crossover (above SMA20),114.99,116.04,win,loss,4.76,-0.68,8,
2026-02-03,MRK,rel_strength,buy,"New 20-day high (+4.0% above prev, 2.0x vol)",114.99,116.04,win,loss,4.76,-0.68,8,
2026-03-26,MRK,macd,buy,MACD bullish crossover (above SMA20),118.93,119.29,loss,loss,-0.18,-3.84,,
2026-02-03,JPM,macd,buy,MACD bullish crossover (above SMA20),313.25,312.81,loss,loss,-3.53,-7.32,,
2026-01-26,NEM,rel_strength,buy,"New 20-day high (+3.7% above prev, 1.6x vol)",125.37,123.74,win,loss,-1.59,-13.06,2,
2026-01-30,NEM,adjusted_drop,buy,"Market-adjusted drop -11.19% (stock -11.49%, market -0.30%)",111.86,110.58,win,win,11.88,-2.71,2,8
2026-01-30,NEM,sector_drop,buy,"Sector-adjusted drop -10.03% (stock -11.49%, XLB -1.46%)",111.86,110.58,win,win,11.88,-2.71,2,8
2026-01-30,NEM,confluence,buy,"Confluence (2): adjusted_drop, sector_drop",111.86,110.58,win,win,11.88,-2.71,2,8
2026-02-19,NEM,macd,buy,MACD bullish crossover (above SMA20),124.86,121.82,win,loss,-6.24,-10.49,6,
2026-02-27,NEM,macd,buy,MACD bullish crossover (above SMA20),129.44,131.0,loss,loss,-27.04,-28.15,,
2026-03-03,NEM,adjusted_drop,buy,"Market-adjusted drop -6.86% (stock -7.75%, market -0.88%)",118.24,121.15,loss,loss,-18.46,-22.31,,
2026-03-03,NEM,sector_drop,buy,"Sector-adjusted drop -5.28% (stock -7.75%, XLB -2.46%)",118.24,121.15,loss,loss,-18.46,-22.31,,
2026-03-03,NEM,confluence,buy,"Confluence (2): adjusted_drop, sector_drop",118.24,121.15,loss,loss,-18.46,-22.31,,
2026-03-31,NEM,macd,buy,MACD bullish crossover (above SMA20),108.0,112.33,win,loss,-0.66,-3.37,5,
2026-04-15,NEM,adjusted_drop,buy,"Market-adjusted drop -6.04% (stock -5.25%, market +0.79%)",112.78,112.34,win,loss,2.22,-5.09,7,
2026-04-24,NEM,macd,buy,MACD bullish crossover (above SMA20),120.42,118.34,loss,loss,-8.06,-9.91,,
2026-04-24,NEM,gap_and_go,buy,Gap up +3.6% on 1.5x volume,120.42,118.34,loss,loss,-8.06,-9.91,,
2026-05-08,NEM,macd,buy,MACD bullish crossover (above SMA20),116.24,116.85,loss,loss,-7.41,-11.32,,
2026-02-05,PANW,adjusted_drop,buy,"Market-adjusted drop -5.92% (stock -7.17%, market -1.25%)",154.77,157.61,win,loss,-5.51,-11.45,2,
2026-02-05,PANW,sector_drop,buy,"Sector-adjusted drop -5.36% (stock -7.17%, XLK -1.80%)",154.77,157.61,win,loss,-5.51,-11.45,2,
2026-02-05,PANW,confluence,buy,"Confluence (2): adjusted_drop, sector_drop",154.77,157.61,win,loss,-5.51,-11.45,2,
2026-02-18,PANW,adjusted_drop,buy,"Market-adjusted drop -7.32% (stock -6.82%, market +0.50%)",152.35,152.48,win,win,8.17,-8.47,10,13
2026-02-18,PANW,sector_drop,buy,"Sector-adjusted drop -7.84% (stock -6.82%, XLK +1.03%)",152.35,152.48,win,win,8.17,-8.47,10,13
2026-02-18,PANW,confluence,buy,"Confluence (2): adjusted_drop, sector_drop",152.35,152.48,win,win,8.17,-8.47,10,13
2026-03-30,PANW,gap_and_go,buy,Gap up +3.4% on 1.5x volume,154.35,155.03,win,win,12.86,-2.42,3,5
2026-04-02,PANW,macd,buy,MACD bullish crossover (above SMA20),163.21,163.37,win,win,9.29,-7.4,3,13
2026-04-08,PANW,rel_strength,buy,"New 20-day high (+4.2% above prev, 1.6x vol)",173.78,174.14,win,loss,4.25,-13.13,13,
2026-04-10,PANW,adjusted_drop,buy,"Market-adjusted drop -6.68% (stock -6.74%, market -0.07%)",155.73,155.58,win,win,16.39,-0.48,2,7
2026-04-10,PANW,sector_drop,buy,"Sector-adjusted drop -7.13% (stock -6.74%, XLK +0.39%)",155.73,155.58,win,win,16.39,-0.48,2,7
2026-04-10,PANW,confluence,buy,"Confluence (2): adjusted_drop, sector_drop",155.73,155.58,win,win,16.39,-0.48,2,7
2026-05-07,PANW,gap_and_go,buy,Gap up +3.9% on 1.5x volume,196.53,194.85,win,win,44.57,-0.73,1,3
2026-05-07,PANW,rel_strength,buy,"New 20-day high (+6.3% above prev, 1.5x vol)",196.53,194.85,win,win,44.57,-0.73,1,3
2026-05-07,PANW,confluence,buy,"Confluence (2): gap_and_go, rel_strength",196.53,194.85,win,win,44.57,-0.73,1,3
2026-01-29,UEC,adjusted_drop,buy,"Market-adjusted drop -7.45% (stock -7.65%, market -0.20%)",18.6,17.69,win,loss,-8.14,-18.71,1,
2026-03-03,UEC,adjusted_drop,buy,"Market-adjusted drop -6.14% (stock -7.02%, market -0.88%)",14.56,14.96,loss,loss,-11.83,-20.59,,
2026-03-31,UEC,macd,buy,MACD bullish crossover (above SMA20),13.5,13.95,win,win,8.6,-9.68,10,10
2026-04-23,UEC,rel_strength,buy,"New 20-day high (+2.3% above prev, 1.4x vol)",14.95,14.98,win,win,-1.13,-10.75,9,12
2026-04-24,UEC,adjusted_drop,buy,"Market-adjusted drop -6.79% (stock -6.02%, market +0.77%)",14.05,14.57,win,win,-6.31,-8.24,1,9
2026-04-27,UEC,gap_and_go,buy,Gap up +3.7% on 1.5x volume,15.41,15.1,win,win,-12.58,-13.58,7,10
2026-04-30,UEC,macd,buy,MACD bullish crossover (above SMA20),14.89,14.67,win,win,-10.7,-19.7,4,5
2026-01-26,BKR,gap_and_go,buy,Gap up +3.2% on 2.2x volume,55.89,56.0,win,win,6.54,-2.41,7,12
2026-01-26,BKR,rel_strength,buy,"New 20-day high (+2.9% above prev, 2.2x vol)",55.89,56.0,win,win,6.54,-2.41,7,12
2026-01-26,BKR,confluence,buy,"Confluence (2): gap_and_go, rel_strength",55.89,56.0,win,win,6.54,-2.41,7,12
2026-03-12,BKR,sector_drop,buy,"Sector-adjusted drop -6.14% (stock -5.21%, XLE +0.93%)",55.71,55.69,win,win,8.05,-3.67,5,7
2026-03-23,BKR,macd,buy,MACD bullish crossover (above SMA20),62.32,61.87,loss,loss,-0.95,-4.67,,
2026-04-08,BKR,macd,buy,MACD bullish crossover (above SMA20),62.95,63.07,win,win,8.74,-7.68,12,12
2026-04-23,BKR,macd,buy,MACD bullish crossover (above SMA20),64.28,66.24,win,loss,-2.46,-5.7,1,
2026-04-24,BKR,gap_and_go,buy,Gap up +3.1% on 1.9x volume,68.71,69.77,loss,loss,-8.09,-10.47,,
2026-04-24,BKR,rel_strength,buy,"New 20-day high (+6.6% above prev, 1.9x vol)",68.71,69.77,loss,loss,-8.09,-10.47,,
2026-04-24,BKR,confluence,buy,"Confluence (2): gap_and_go, rel_strength",68.71,69.77,loss,loss,-8.09,-10.47,,
2026-02-03,MDT,rel_strength,buy,"New 20-day high (+1.7% above prev, 1.3x vol)",102.34,102.48,loss,loss,-6.46,-7.57,,
2026-01-29,LUV,macd,buy,MACD bullish crossover (above SMA20),48.29,48.33,win,win,7.31,-2.55,3,6
2026-01-29,LUV,gap_and_go,buy,Gap up +6.2% on 4.1x volume,48.29,48.33,win,win,7.31,-2.55,3,6
2026-01-29,LUV,rel_strength,buy,"New 20-day high (+9.1% above prev, 4.1x vol)",48.29,48.33,win,win,7.31,-2.55,3,6
2026-01-29,LUV,confluence,buy,"Confluence (2): gap_and_go, rel_strength",48.29,48.33,win,win,7.31,-2.55,3,6
2026-02-06,LUV,rel_strength,buy,"New 20-day high (+3.3% above prev, 1.4x vol)",54.03,53.59,loss,loss,-10.31,-12.76,,
2026-02-11,LUV,sector_drop,buy,"Sector-adjusted drop -5.42% (stock -4.88%, XLI +0.53%)",51.21,51.99,win,loss,-15.92,-15.94,3,
2026-03-05,LUV,adjusted_drop,buy,"Market-adjusted drop -6.34% (stock -6.89%, market -0.56%)",43.71,42.82,loss,loss,-7.67,-11.04,,
2026-04-17,LUV,rel_strength,buy,"New 20-day high (+3.4% above prev, 1.3x vol)",42.7,41.81,loss,loss,-1.2,-11.86,,
2026-05-05,LUV,macd,buy,MACD bullish crossover (above SMA20),39.71,41.35,win,loss,5.63,-9.96,15,
2026-01-27,UNH,adjusted_drop,buy,"Market-adjusted drop -20.00% (stock -19.61%, market +0.40%)",280.52,281.53,loss,loss,1.58,-6.14,,
2026-01-27,UNH,sector_drop,buy,"Sector-adjusted drop -17.93% (stock -19.61%, XLV -1.68%)",280.52,281.53,loss,loss,1.58,-6.14,,
2026-01-27,UNH,confluence,buy,"Confluence (2): adjusted_drop, sector_drop",280.52,281.53,loss,loss,1.58,-6.14,,
2026-04-02,UNH,macd,buy,MACD bullish crossover (above SMA20),277.26,277.88,win,win,27.72,-0.23,2,2
2026-04-07,UNH,volume_spike,buy,Volume spike 2.5x (dip in uptrend),307.73,312.0,win,win,17.55,-2.91,10,10
2026-04-07,UNH,gap_and_go,buy,Gap up +9.8% on 2.5x volume,307.73,312.0,win,win,17.55,-2.91,10,10
2026-04-07,UNH,rel_strength,buy,"New 20-day high (+8.1% above prev, 2.5x vol)",307.73,312.0,win,win,17.55,-2.91,10,10
2026-04-07,UNH,confluence,buy,"Confluence (2): gap_and_go, rel_strength",307.73,312.0,win,win,17.55,-2.91,10,10
2026-04-21,UNH,volume_spike,buy,Volume spike 3.2x (dip in uptrend),346.01,350.88,win,win,12.97,-0.55,5,15
2026-04-21,UNH,gap_and_go,buy,Gap up +9.1% on 3.2x volume,346.01,350.88,win,win,12.97,-0.55,5,15
2026-04-21,UNH,rel_strength,buy,"New 20-day high (+9.9% above prev, 3.2x vol)",346.01,350.88,win,win,12.97,-0.55,5,15
2026-04-21,UNH,confluence,buy,"Confluence (2): gap_and_go, rel_strength",346.01,350.88,win,win,12.97,-0.55,5,15
2026-04-22,UNH,earnings_drift,buy,"Post-catalyst drift: gap +9.1%, move +2.2%",353.52,354.68,win,win,13.1,-1.62,7,14
2026-02-19,BX,adjusted_drop,buy,"Market-adjusted drop -5.11% (stock -5.37%, market -0.26%)",124.61,120.36,loss,loss,-15.94,-16.26,,
2026-04-23,BX,adjusted_drop,buy,"Market-adjusted drop -5.32% (stock -5.70%, market -0.39%)",121.21,120.89,win,loss,1.3,-2.97,6,
2026-01-27,CVS,adjusted_drop,buy,"Market-adjusted drop -14.55% (stock -14.15%, market +0.40%)",71.37,71.01,win,win,8.54,-0.29,4,8
2026-01-27,CVS,sector_drop,buy,"Sector-adjusted drop -12.48% (stock -14.15%, XLV -1.68%)",71.37,71.01,win,win,8.54,-0.29,4,8
2026-01-27,CVS,confluence,buy,"Confluence (2): adjusted_drop, sector_drop",71.37,71.01,win,win,8.54,-0.29,4,8
2026-02-12,CVS,macd,buy,MACD bullish crossover (above SMA20),77.25,77.07,win,loss,0.22,-6.21,11,
2026-02-26,CVS,macd,buy,MACD bullish crossover (above SMA20),77.33,77.34,loss,loss,-7.9,-8.23,,
2026-03-02,CVS,rel_strength,buy,"New 20-day high (+2.2% above prev, 1.4x vol)",80.95,80.47,loss,loss,-12.18,-13.51,,
2026-04-07,CVS,gap_and_go,buy,Gap up +5.6% on 2.3x volume,77.54,77.96,loss,loss,3.88,-4.91,,
2026-05-06,CVS,gap_and_go,buy,Gap up +6.0% on 2.1x volume,86.86,87.0,win,win,6.86,-0.9,3,5
2026-05-06,CVS,rel_strength,buy,"New 20-day high (+5.6% above prev, 2.1x vol)",86.86,87.0,win,win,6.86,-0.9,3,5
2026-05-06,CVS,confluence,buy,"Confluence (2): gap_and_go, rel_strength",86.86,87.0,win,win,6.86,-0.9,3,5
2026-01-27,MRNA,adjusted_drop,buy,"Market-adjusted drop -5.69% (stock -5.29%, market +0.40%)",45.45,45.48,win,loss,2.46,-19.4,2,
2026-01-30,MRNA,sector_drop,buy,"Sector-adjusted drop -6.55% (stock -5.95%, XLV +0.60%)",44.07,43.45,win,win,15.74,-15.64,1,13
2026-02-19,MRNA,macd,buy,MACD bullish crossover (above SMA20),49.7,49.16,win,win,8.6,-2.18,2,7
2026-03-04,MRNA,gap_and_go,buy,Gap up +7.5% on 2.3x volume,57.8,56.96,loss,loss,-6.0,-13.58,,
2026-03-04,MRNA,rel_strength,buy,"New 20-day high (+8.4% above prev, 2.3x vol)",57.8,56.96,loss,loss,-6.0,-13.58,,
2026-03-04,MRNA,confluence,buy,"Confluence (2): gap_and_go, rel_strength",57.8,56.96,loss,loss,-6.0,-13.58,,
2026-03-05,MRNA,adjusted_drop,buy,"Market-adjusted drop -6.31% (stock -6.87%, market -0.56%)",53.83,52.22,win,win,2.6,-5.74,2,4
2026-03-27,MRNA,adjusted_drop,buy,"Market-adjusted drop -5.78% (stock -7.49%, market -1.71%)",49.56,49.67,win,win,9.89,-5.1,3,12
2026-03-27,MRNA,sector_drop,buy,"Sector-adjusted drop -5.78% (stock -7.49%, XLV -1.70%)",49.56,49.67,win,win,9.89,-5.1,3,12
2026-03-27,MRNA,confluence,buy,"Confluence (2): adjusted_drop, sector_drop",49.56,49.67,win,win,9.89,-5.1,3,12
2026-04-15,MRNA,macd,buy,MACD bullish crossover (above SMA20),54.26,54.13,loss,loss,-9.87,-19.31,,
2026-04-17,MRNA,volume_spike,buy,Volume spike 2.3x (dip in uptrend),53.72,53.69,win,loss,1.23,-18.64,15,
2026-04-17,MRNA,rel_strength,buy,"New 20-day high (+1.6% above prev, 2.3x vol)",53.72,53.69,win,loss,1.23,-18.64,15,
2026-05-08,MRNA,macd,buy,MACD bullish crossover (above SMA20),54.35,58.08,loss,loss,-20.7,-23.9,,
2026-05-08,MRNA,rel_strength,buy,"New 20-day high (+2.8% above prev, 3.4x vol)",54.35,58.08,loss,loss,-20.7,-23.9,,
2026-05-11,MRNA,volume_spike,buy,Volume spike 3.7x (dip in uptrend),52.88,52.24,loss,loss,-12.63,-15.96,,
2026-05-11,MRNA,gap_and_go,buy,Gap up +6.9% on 3.7x volume,52.88,52.24,loss,loss,-12.63,-15.96,,
2026-01-28,ARM,sector_drop,buy,"Sector-adjusted drop -5.08% (stock -4.28%, XLK +0.80%)",109.96,110.06,win,win,15.33,-9.12,7,7
2026-02-05,ARM,macd,buy,MACD bullish crossover (above SMA20),110.88,112.71,win,win,13.07,-0.16,1,1
2026-03-18,ARM,macd,buy,MACD bullish crossover (above SMA20),128.36,125.0,win,win,19.84,-0.4,2,2
2026-03-20,ARM,volume_spike,buy,Volume spike 3.2x (dip in uptrend),132.35,133.43,win,win,18.1,-0.31,2,3
2026-03-20,ARM,gap_and_go,buy,Gap up +5.5% on 3.2x volume,132.35,133.43,win,win,18.1,-0.31,2,3
2026-03-20,ARM,rel_strength,buy,"New 20-day high (+4.2% above prev, 3.2x vol)",132.35,133.43,win,win,18.1,-0.31,2,3
2026-03-20,ARM,confluence,buy,"Confluence (2): gap_and_go, rel_strength",132.35,133.43,win,win,18.1,-0.31,2,3
2026-03-23,ARM,earnings_drift,buy,"Post-catalyst drift: gap +5.5%, move +3.4%",136.89,136.0,win,win,18.54,-2.2,2,2
2026-03-27,ARM,adjusted_drop,buy,"Market-adjusted drop -5.19% (stock -6.89%, market -1.71%)",144.13,144.1,win,win,21.51,-5.62,2,9
2026-04-22,ARM,rel_strength,buy,"New 20-day high (+9.6% above prev, 1.6x vol)",196.57,194.42,win,win,13.78,-1.15,1,2
2026-04-24,ARM,gap_and_go,buy,Gap up +8.5% on 2.5x volume,234.81,224.49,win,loss,-6.83,-13.62,8,
2026-04-27,ARM,adjusted_drop,buy,"Market-adjusted drop -8.23% (stock -8.06%, market +0.17%)",215.88,197.32,win,win,9.02,-1.73,3,7
2026-04-27,ARM,sector_drop,buy,"Sector-adjusted drop -8.28% (stock -8.06%, XLK +0.22%)",215.88,197.32,win,win,9.02,-1.73,3,7
2026-04-27,ARM,confluence,buy,"Confluence (2): adjusted_drop, sector_drop",215.88,197.32,win,win,9.02,-1.73,3,7
2026-05-06,ARM,gap_and_go,buy,Gap up +11.1% on 3.1x volume,237.3,222.4,win,win,50.75,-9.67,10,10
2026-05-07,ARM,volume_spike,buy,Volume spike 2.3x (dip in uptrend),213.31,216.96,win,win,62.84,-7.41,5,9
2026-05-07,ARM,adjusted_drop,buy,"Market-adjusted drop -9.80% (stock -10.11%, market -0.31%)",213.31,216.96,win,win,62.84,-7.41,5,9
2026-05-07,ARM,sector_drop,buy,"Sector-adjusted drop -9.91% (stock -10.11%, XLK -0.20%)",213.31,216.96,win,win,62.84,-7.41,5,9
2026-05-07,ARM,confluence,buy,"Confluence (2): adjusted_drop, sector_drop",213.31,216.96,win,win,62.84,-7.41,5,9
2026-03-31,JNJ,macd,buy,MACD bullish crossover (above SMA20),243.04,244.2,loss,loss,-7.94,-8.88,,
2026-02-09,CELH,adjusted_drop,buy,"Market-adjusted drop -5.96% (stock -5.48%, market +0.48%)",47.8,47.77,win,win,-1.38,-10.76,9,12
2026-02-09,CELH,sector_drop,buy,"Sector-adjusted drop -5.10% (stock -5.48%, XLY -0.37%)",47.8,47.77,win,win,-1.38,-10.76,9,12
2026-02-09,CELH,confluence,buy,"Confluence (2): adjusted_drop, sector_drop",47.8,47.77,win,win,-1.38,-10.76,9,12
2026-02-20,CELH,gap_and_go,buy,Gap up +6.8% on 2.1x volume,48.32,48.56,win,win,-8.22,-15.69,2,4
2026-02-24,CELH,macd,buy,MACD bullish crossover (above SMA20),50.72,50.64,win,win,-13.19,-19.15,2,2
2026-02-26,CELH,volume_spike,buy,Volume spike 3.3x (dip in uptrend),54.12,55.17,loss,loss,-22.13,-25.99,,
2026-02-26,CELH,rel_strength,buy,"New 20-day high (+5.7% above prev, 3.3x vol)",54.12,55.17,loss,loss,-22.13,-25.99,,
2026-03-02,CELH,adjusted_drop,buy,"Market-adjusted drop -8.19% (stock -8.13%, market +0.06%)",49.25,48.54,loss,loss,-18.31,-18.54,,
2026-03-02,CELH,sector_drop,buy,"Sector-adjusted drop -6.90% (stock -8.13%, XLY -1.23%)",49.25,48.54,loss,loss,-18.31,-18.54,,
2026-03-02,CELH,confluence,buy,"Confluence (2): adjusted_drop, sector_drop",49.25,48.54,loss,loss,-18.31,-18.54,,
2026-02-06,UAL,macd,buy,MACD bullish crossover (above SMA20),115.91,115.46,loss,loss,-10.61,-14.93,,
2026-02-19,UAL,adjusted_drop,buy,"Market-adjusted drop -5.62% (stock -5.88%, market -0.26%)",110.05,109.54,win,loss,-21.01,-22.68,5,
2026-02-19,UAL,sector_drop,buy,"Sector-adjusted drop -6.63% (stock -5.88%, XLI +0.74%)",110.05,109.54,win,loss,-21.01,-22.68,5,
2026-02-19,UAL,confluence,buy,"Confluence (2): adjusted_drop, sector_drop",110.05,109.54,win,loss,-21.01,-22.68,5,
2026-02-25,UAL,macd,buy,MACD bullish crossover (above SMA20),112.87,114.89,loss,loss,-19.48,-26.28,,
2026-02-27,UAL,adjusted_drop,buy,"Market-adjusted drop -8.22% (stock -8.70%, market -0.48%)",106.3,100.0,win,loss,-10.05,-15.3,2,
2026-02-27,UAL,sector_drop,buy,"Sector-adjusted drop -8.95% (stock -8.70%, XLI +0.25%)",106.3,100.0,win,loss,-10.05,-15.3,2,
2026-02-27,UAL,confluence,buy,"Confluence (2): adjusted_drop, sector_drop",106.3,100.0,win,loss,-10.05,-15.3,2,
2026-04-08,UAL,gap_and_go,buy,Gap up +11.4% on 2.0x volume,96.3,95.26,win,win,-6.97,-7.67,7,7
2026-04-08,UAL,rel_strength,buy,"New 20-day high (+4.6% above prev, 2.0x vol)",96.3,95.26,win,win,-6.97,-7.67,7,7
2026-04-08,UAL,confluence,buy,"Confluence (2): gap_and_go, rel_strength",96.3,95.26,win,win,-6.97,-7.67,7,7
2026-04-17,UAL,gap_and_go,buy,Gap up +8.3% on 1.6x volume,101.8,99.98,loss,loss,-0.4,-12.03,,
2026-04-17,UAL,rel_strength,buy,"New 20-day high (+3.4% above prev, 1.6x vol)",101.8,99.98,loss,loss,-0.4,-12.03,,
2026-04-17,UAL,confluence,buy,"Confluence (2): gap_and_go, rel_strength",101.8,99.98,loss,loss,-0.4,-12.03,,
2026-04-22,UAL,adjusted_drop,buy,"Market-adjusted drop -6.59% (stock -5.58%, market +1.01%)",91.71,91.36,win,win,4.75,-3.73,10,11
2026-04-22,UAL,sector_drop,buy,"Sector-adjusted drop -5.35% (stock -5.58%, XLI -0.23%)",91.71,91.36,win,win,4.75,-3.73,10,11
2026-05-06,UAL,macd,buy,MACD bullish crossover (above SMA20),100.04,101.3,win,win,13.58,-12.79,13,14
2026-01-29,TEAM,adjusted_drop,buy,"Market-adjusted drop -10.47% (stock -10.67%, market -0.20%)",120.38,121.62,loss,loss,-37.53,-38.32,,
2026-01-29,TEAM,sector_drop,buy,"Sector-adjusted drop -9.09% (stock -10.67%, XLK -1.58%)",120.38,121.62,loss,loss,-37.53,-38.32,,
2026-01-29,TEAM,confluence,buy,"Confluence (2): adjusted_drop, sector_drop",120.38,121.62,loss,loss,-37.53,-38.32,,
2026-02-06,TEAM,adjusted_drop,buy,"Market-adjusted drop -5.67% (stock -3.75%, market +1.92%)",94.72,93.46,loss,loss,-21.03,-27.4,,
2026-02-06,TEAM,sector_drop,buy,"Sector-adjusted drop -7.80% (stock -3.75%, XLK +4.06%)",94.72,93.46,loss,loss,-21.03,-27.4,,
2026-02-06,TEAM,confluence,buy,"Confluence (2): adjusted_drop, sector_drop",94.72,93.46,loss,loss,-21.03,-27.4,,
2026-02-20,TEAM,adjusted_drop,buy,"Market-adjusted drop -6.06% (stock -5.33%, market +0.72%)",75.98,73.5,win,win,2.33,-7.69,4,4
2026-02-20,TEAM,sector_drop,buy,"Sector-adjusted drop -5.81% (stock -5.33%, XLK +0.48%)",75.98,73.5,win,win,2.33,-7.69,4,4
2026-02-20,TEAM,confluence,buy,"Confluence (2): adjusted_drop, sector_drop",75.98,73.5,win,win,2.33,-7.69,4,4
2026-04-16,TEAM,gap_and_go,buy,Gap up +5.7% on 1.5x volume,68.73,70.11,win,win,31.74,-7.01,3,11
2026-04-17,TEAM,volume_spike,buy,Volume spike 3.7x (dip in uptrend),66.94,67.0,win,win,36.72,-2.69,1,2
2026-04-23,TEAM,adjusted_drop,buy,"Market-adjusted drop -8.25% (stock -8.63%, market -0.39%)",67.62,68.63,win,win,17.82,-3.03,3,6
2026-04-23,TEAM,sector_drop,buy,"Sector-adjusted drop -7.21% (stock -8.63%, XLK -1.42%)",67.62,68.63,win,win,17.82,-3.03,3,6
2026-04-23,TEAM,confluence,buy,"Confluence (2): adjusted_drop, sector_drop",67.62,68.63,win,win,17.82,-3.03,3,6
2026-05-01,TEAM,gap_and_go,buy,Gap up +20.9% on 3.5x volume,88.88,88.17,win,loss,-3.12,-11.31,1,
2026-05-01,TEAM,rel_strength,buy,"New 20-day high (+18.8% above prev, 3.5x vol)",88.88,88.17,win,loss,-3.12,-11.31,1,
2026-05-01,TEAM,confluence,buy,"Confluence (2): gap_and_go, rel_strength",88.88,88.17,win,loss,-3.12,-11.31,1,
2026-05-04,TEAM,earnings_drift,buy,"Post-catalyst drift: gap +20.9%, move +4.8%",93.16,92.49,loss,loss,-8.18,-15.45,,
2026-05-06,TEAM,adjusted_drop,buy,"Market-adjusted drop -5.23% (stock -3.84%, market +1.39%)",88.8,91.61,loss,loss,1.83,-14.64,,
2026-05-06,TEAM,sector_drop,buy,"Sector-adjusted drop -6.50% (stock -3.84%, XLK +2.66%)",88.8,91.61,loss,loss,1.83,-14.64,,
2026-01-28,SBUX,volume_spike,buy,Volume spike 2.6x (dip in uptrend),94.0,95.58,loss,loss,-0.35,-6.35,,
2026-01-28,SBUX,gap_and_go,buy,Gap up +6.9% on 2.6x volume,94.0,95.58,loss,loss,-0.35,-6.35,,
2026-01-28,SBUX,rel_strength,buy,"New 20-day high (+7.0% above prev, 2.6x vol)",94.0,95.58,loss,loss,-0.35,-6.35,,
2026-01-28,SBUX,confluence,buy,"Confluence (2): gap_and_go, rel_strength",94.0,95.58,loss,loss,-0.35,-6.35,,
2026-02-06,SBUX,macd,buy,MACD bullish crossover (above SMA20),98.24,97.82,loss,loss,-1.66,-4.92,,
2026-03-09,SBUX,macd,buy,MACD bullish crossover (above SMA20),99.19,98.79,loss,loss,-12.73,-13.86,,
2026-04-07,SBUX,macd,buy,MACD bullish crossover (above SMA20),94.66,96.93,loss,loss,-0.23,-2.1,,
2026-04-29,SBUX,gap_and_go,buy,Gap up +4.9% on 3.9x volume,104.89,104.93,loss,loss,1.49,-2.47,,
2026-04-29,SBUX,rel_strength,buy,"New 20-day high (+5.8% above prev, 3.9x vol)",104.89,104.93,loss,loss,1.49,-2.47,,
2026-04-29,SBUX,confluence,buy,"Confluence (2): gap_and_go, rel_strength",104.89,104.93,loss,loss,1.49,-2.47,,
2026-01-27,GM,gap_and_go,buy,Gap up +5.3% on 3.1x volume,86.18,85.87,loss,loss,-2.79,-8.12,,
2026-01-27,GM,rel_strength,buy,"New 20-day high (+2.5% above prev, 3.1x vol)",86.18,85.87,loss,loss,-2.79,-8.12,,
2026-01-27,GM,confluence,buy,"Confluence (2): gap_and_go, rel_strength",86.18,85.87,loss,loss,-2.79,-8.12,,
2026-01-28,GM,macd,buy,MACD bullish crossover (above SMA20),84.7,85.99,loss,loss,-5.48,-8.25,,
2026-05-08,GM,macd,buy,MACD bullish crossover (above SMA20),78.8,78.8,win,loss,4.92,-10.62,12,
2026-04-29,V,volume_spike,buy,Volume spike 2.6x (dip in uptrend),334.17,331.43,loss,loss,-0.21,-4.81,,
2026-04-29,V,gap_and_go,buy,Gap up +8.8% on 2.6x volume,334.17,331.43,loss,loss,-0.21,-4.81,,
2026-04-29,V,rel_strength,buy,"New 20-day high (+7.1% above prev, 2.6x vol)",334.17,331.43,loss,loss,-0.21,-4.81,,
2026-04-29,V,confluence,buy,"Confluence (2): gap_and_go, rel_strength",334.17,331.43,loss,loss,-0.21,-4.81,,
2026-01-28,TXN,gap_and_go,buy,Gap up +3.7% on 2.8x volume,213.68,213.91,win,loss,1.42,-0.9,4,
2026-01-28,TXN,rel_strength,buy,"New 20-day high (+8.6% above prev, 2.8x vol)",213.68,213.91,win,loss,1.42,-0.9,4,
2026-01-28,TXN,confluence,buy,"Confluence (2): gap_and_go, rel_strength",213.68,213.91,win,loss,1.42,-0.9,4,
2026-02-06,TXN,sector_drop,buy,"Sector-adjusted drop -5.19% (stock -1.13%, XLK +4.06%)",220.32,220.14,loss,loss,-5.17,-6.3,,
2026-03-31,TXN,macd,buy,MACD bullish crossover (above SMA20),193.16,193.3,win,win,21.63,-1.69,5,6
2026-04-22,TXN,volume_spike,buy,Volume spike 2.0x (dip in uptrend),235.12,258.99,win,win,18.28,-0.38,1,2
2026-04-22,TXN,rel_strength,buy,"New 20-day high (+1.2% above prev, 2.0x vol)",235.12,258.99,win,win,18.28,-0.38,1,2
2026-04-23,TXN,gap_and_go,buy,Gap up +10.2% on 4.4x volume,280.8,286.37,win,loss,7.61,-8.2,14,
2026-03-31,PDD,macd,buy,MACD bullish crossover (above SMA20),102.18,102.67,win,loss,-2.55,-4.11,12,
2026-05-06,PDD,macd,buy,MACD bullish crossover (above SMA20),102.31,100.78,loss,loss,-17.61,-19.07,,
2026-02-03,KKR,adjusted_drop,buy,"Market-adjusted drop -8.84% (stock -9.69%, market -0.85%)",102.89,102.3,win,loss,-5.73,-11.22,4,
2026-02-03,KKR,sector_drop,buy,"Sector-adjusted drop -8.76% (stock -9.69%, XLF -0.93%)",102.89,102.3,win,loss,-5.73,-11.22,4,
2026-02-03,KKR,confluence,buy,"Confluence (2): adjusted_drop, sector_drop",102.89,102.3,win,loss,-5.73,-11.22,4,
2026-02-06,KKR,gap_and_go,buy,Gap up +3.4% on 2.1x volume,102.81,102.84,win,loss,-12.07,-17.98,1,
2026-04-14,KKR,rel_strength,buy,"New 20-day high (+3.4% above prev, 1.3x vol)",100.23,101.3,win,loss,0.49,-4.01,3,
2026-04-30,KKR,macd,buy,MACD bullish crossover (above SMA20),104.14,104.79,loss,loss,-9.58,-13.09,,
2026-01-29,SNOW,adjusted_drop,buy,"Market-adjusted drop -7.50% (stock -7.70%, market -0.20%)",199.37,200.65,loss,loss,-14.03,-22.21,,
2026-01-29,SNOW,sector_drop,buy,"Sector-adjusted drop -6.12% (stock -7.70%, XLK -1.58%)",199.37,200.65,loss,loss,-14.03,-22.21,,
2026-01-29,SNOW,confluence,buy,"Confluence (2): adjusted_drop, sector_drop",199.37,200.65,loss,loss,-14.03,-22.21,,
2026-02-06,SNOW,gap_and_go,buy,Gap up +3.6% on 1.6x volume,168.43,168.41,win,win,1.14,-8.19,2,2
2026-02-26,SNOW,gap_and_go,buy,Gap up +5.5% on 2.0x volume,173.06,169.45,win,loss,3.51,-7.42,5,
2026-05-07,SNOW,gap_and_go,buy,Gap up +9.8% on 1.6x volume,153.72,150.0,win,win,70.37,-3.68,6,7
2026-02-03,ACN,adjusted_drop,buy,"Market-adjusted drop -8.74% (stock -9.59%, market -0.85%)",239.18,235.84,loss,loss,-19.48,-20.65,,
2026-02-03,ACN,sector_drop,buy,"Sector-adjusted drop -7.40% (stock -9.59%, XLK -2.19%)",239.18,235.84,loss,loss,-19.48,-20.65,,
2026-02-03,ACN,confluence,buy,"Confluence (2): adjusted_drop, sector_drop",239.18,235.84,loss,loss,-19.48,-20.65,,
2026-01-30,AMAT,adjusted_drop,buy,"Market-adjusted drop -5.27% (stock -5.57%, market -0.30%)",321.52,319.8,win,win,16.66,-10.33,2,10
2026-02-13,AMAT,macd,buy,MACD bullish crossover (above SMA20),354.03,350.13,win,win,-3.32,-9.67,2,7
2026-02-13,AMAT,gap_and_go,buy,Gap up +11.1% on 1.8x volume,354.03,350.13,win,win,-3.32,-9.67,2,7
2026-02-13,AMAT,rel_strength,buy,"New 20-day high (+9.2% above prev, 1.8x vol)",354.03,350.13,win,win,-3.32,-9.67,2,7
2026-02-13,AMAT,confluence,buy,"Confluence (2): gap_and_go, rel_strength",354.03,350.13,win,win,-3.32,-9.67,2,7
2026-03-20,AMAT,volume_spike,buy,Volume spike 2.6x (dip in uptrend),356.62,367.36,win,win,7.59,-12.81,12,14
2026-03-24,AMAT,macd,buy,MACD bullish crossover (above SMA20),373.53,370.54,win,loss,6.27,-13.56,11,
2026-03-26,AMAT,adjusted_drop,buy,"Market-adjusted drop -6.55% (stock -8.34%, market -1.79%)",338.13,337.21,win,win,17.57,-5.02,4,8
2026-03-26,AMAT,sector_drop,buy,"Sector-adjusted drop -5.22% (stock -8.34%, XLK -3.11%)",338.13,337.21,win,win,17.57,-5.02,4,8
2026-03-26,AMAT,confluence,buy,"Confluence (2): adjusted_drop, sector_drop",338.13,337.21,win,win,17.57,-5.02,4,8
2026-04-08,AMAT,macd,buy,MACD bullish crossover (above SMA20),385.24,384.77,win,loss,-0.69,-2.12,2,
2026-04-28,AMAT,adjusted_drop,buy,"Market-adjusted drop -5.38% (stock -5.87%, market -0.49%)",380.64,383.39,win,win,6.0,-1.77,5,6
2026-05-06,AMAT,macd,buy,MACD bullish crossover (above SMA20),428.09,425.83,win,loss,5.6,-6.8,3,
2026-05-08,AMAT,rel_strength,buy,"New 20-day high (+1.2% above prev, 1.4x vol)",434.9,438.7,win,loss,4.44,-9.53,12,
2026-04-01,BA,macd,buy,MACD bullish crossover (above SMA20),207.32,203.0,win,win,15.34,-0.34,4,8
2026-04-17,BA,rel_strength,buy,"New 20-day high (+2.3% above prev, 1.4x vol)",223.38,222.23,win,loss,6.81,-1.5,4,
2026-04-22,BA,gap_and_go,buy,Gap up +3.6% on 2.6x volume,231.28,231.51,loss,loss,3.93,-4.52,,
2026-05-08,BA,macd,buy,MACD bullish crossover (above SMA20),237.36,239.44,loss,loss,-6.32,-10.62,,
2026-01-30,TEVA,macd,buy,MACD bullish crossover (above SMA20),34.08,34.45,win,loss,-1.57,-3.8,2,
2026-01-30,TEVA,rel_strength,buy,"New 20-day high (+2.0% above prev, 1.6x vol)",34.08,34.45,win,loss,-1.57,-3.8,2,
2026-03-31,TEVA,macd,buy,MACD bullish crossover (above SMA20),30.12,30.48,win,loss,2.43,-8.37,12,
2026-04-29,TEVA,gap_and_go,buy,Gap up +7.5% on 4.7x volume,35.38,36.02,loss,loss,-4.72,-6.69,,
2026-04-29,TEVA,rel_strength,buy,"New 20-day high (+8.6% above prev, 4.7x vol)",35.38,36.02,loss,loss,-4.72,-6.69,,
2026-04-29,TEVA,confluence,buy,"Confluence (2): gap_and_go, rel_strength",35.38,36.02,loss,loss,-4.72,-6.69,,
2026-04-30,TEVA,volume_spike,buy,Volume spike 2.9x (dip in uptrend),35.07,35.16,win,loss,-2.84,-4.41,5,
2026-05-07,TEVA,rel_strength,buy,"New 20-day high (+1.3% above prev, 1.6x vol)",36.01,36.26,loss,loss,-2.59,-7.31,,
2026-02-04,ABBV,sector_drop,buy,"Sector-adjusted drop -5.04% (stock -3.79%, XLV +1.25%)",215.32,215.12,win,loss,3.59,-1.32,6,
2026-04-30,ABBV,macd,buy,MACD bullish crossover (above SMA20),211.32,211.0,loss,loss,1.66,-5.2,,
2026-02-04,CARR,rel_strength,buy,"New 20-day high (+4.5% above prev, 1.7x vol)",63.32,64.38,win,loss,-2.86,-6.71,6,
2026-02-05,CARR,volume_spike,buy,Volume spike 2.5x (dip in uptrend),62.88,62.75,win,loss,2.27,-4.28,3,
2026-03-25,CARR,macd,buy,MACD bullish crossover (above SMA20),59.04,58.5,win,win,1.7,-8.41,10,13
2026-04-08,CARR,macd,buy,MACD bullish crossover (above SMA20),58.08,57.88,win,win,6.28,-0.67,1,2
2026-04-15,CARR,volume_spike,buy,Volume spike 2.5x (dip in uptrend),58.34,58.54,win,win,15.99,-1.53,2,11
2026-04-15,CARR,adjusted_drop,buy,"Market-adjusted drop -10.24% (stock -9.45%, market +0.79%)",58.34,58.54,win,win,15.99,-1.53,2,11
2026-04-15,CARR,sector_drop,buy,"Sector-adjusted drop -8.20% (stock -9.45%, XLI -1.25%)",58.34,58.54,win,win,15.99,-1.53,2,11
2026-04-15,CARR,confluence,buy,"Confluence (2): adjusted_drop, sector_drop",58.34,58.54,win,win,15.99,-1.53,2,11
2026-04-30,CARR,gap_and_go,buy,Gap up +4.0% on 2.4x volume,66.93,66.96,loss,loss,-7.14,-8.72,,
2026-04-30,CARR,rel_strength,buy,"New 20-day high (+6.2% above prev, 2.4x vol)",66.93,66.96,loss,loss,-7.14,-8.72,,
2026-04-30,CARR,confluence,buy,"Confluence (2): gap_and_go, rel_strength",66.93,66.96,loss,loss,-7.14,-8.72,,
2026-02-03,FISV,adjusted_drop,buy,"Market-adjusted drop -6.81% (stock -7.66%, market -0.85%)",58.12,57.97,win,win,6.28,-0.19,2,9
2026-02-03,FISV,sector_drop,buy,"Sector-adjusted drop -5.47% (stock -7.66%, XLK -2.19%)",58.12,57.97,win,win,6.28,-0.19,2,9
2026-02-03,FISV,confluence,buy,"Confluence (2): adjusted_drop, sector_drop",58.12,57.97,win,win,6.28,-0.19,2,9
2026-02-17,FISV,macd,buy,MACD bullish crossover (above SMA20),63.45,63.41,loss,loss,-6.25,-8.69,,
2026-05-05,FISV,adjusted_drop,buy,"Market-adjusted drop -9.61% (stock -8.80%, market +0.80%)",57.28,57.56,loss,loss,-3.37,-9.36,,
2026-05-05,FISV,sector_drop,buy,"Sector-adjusted drop -11.01% (stock -8.80%, XLK +2.21%)",57.28,57.56,loss,loss,-3.37,-9.36,,
2026-05-05,FISV,confluence,buy,"Confluence (2): adjusted_drop, sector_drop",57.28,57.56,loss,loss,-3.37,-9.36,,
2026-02-02,XPEV,adjusted_drop,buy,"Market-adjusted drop -8.78% (stock -8.29%, market +0.50%)",16.49,16.8,win,win,11.49,-2.14,4,15
2026-02-02,XPEV,sector_drop,buy,"Sector-adjusted drop -8.95% (stock -8.29%, XLY +0.66%)",16.49,16.8,win,win,11.49,-2.14,4,15
2026-02-02,XPEV,confluence,buy,"Confluence (2): adjusted_drop, sector_drop",16.49,16.8,win,win,11.49,-2.14,4,15
2026-03-09,XPEV,macd,buy,MACD bullish crossover (above SMA20),18.45,18.71,win,loss,-10.64,-11.46,3,
2026-03-09,XPEV,gap_and_go,buy,Gap up +3.5% on 2.9x volume,18.45,18.71,win,loss,-10.64,-11.46,3,
2026-03-10,XPEV,rel_strength,buy,"New 20-day high (+2.4% above prev, 1.3x vol)",18.87,19.27,win,loss,-11.21,-15.67,2,
2026-03-17,XPEV,sector_drop,buy,"Sector-adjusted drop -5.50% (stock -4.63%, XLY +0.87%)",19.16,18.99,loss,loss,-6.27,-14.43,,
2026-03-20,XPEV,adjusted_drop,buy,"Market-adjusted drop -6.92% (stock -8.36%, market -1.43%)",17.55,18.31,loss,loss,-4.59,-11.25,,
2026-04-23,XPEV,adjusted_drop,buy,"Market-adjusted drop -5.92% (stock -6.31%, market -0.39%)",15.9,16.3,loss,loss,-1.1,-5.28,,
2026-04-23,XPEV,sector_drop,buy,"Sector-adjusted drop -5.30% (stock -6.31%, XLY -1.00%)",15.9,16.3,loss,loss,-1.1,-5.28,,
2026-04-23,XPEV,confluence,buy,"Confluence (2): adjusted_drop, sector_drop",15.9,16.3,loss,loss,-1.1,-5.28,,
2026-04-15,MS,rel_strength,buy,"New 20-day high (+5.4% above prev, 1.4x vol)",190.6,189.91,loss,loss,1.81,-2.97,,
2026-01-29,ENPH,adjusted_drop,buy,"Market-adjusted drop -5.29% (stock -5.49%, market -0.20%)",38.25,37.87,win,win,22.95,-6.39,4,4
2026-01-29,ENPH,sector_drop,buy,"Sector-adjusted drop -5.49% (stock -5.49%, XLU +0.00%)",38.25,37.87,win,win,22.95,-6.39,4,4
2026-01-29,ENPH,confluence,buy,"Confluence (2): adjusted_drop, sector_drop",38.25,37.87,win,win,22.95,-6.39,4,4
2026-02-04,ENPH,macd,buy,MACD bullish crossover (above SMA20),51.67,50.62,loss,loss,-9.58,-15.05,,
2026-02-04,ENPH,gap_and_go,buy,Gap up +28.8% on 7.3x volume,51.67,50.62,loss,loss,-9.58,-15.05,,
2026-02-04,ENPH,rel_strength,buy,"New 20-day high (+24.2% above prev, 7.3x vol)",51.67,50.62,loss,loss,-9.58,-15.05,,
2026-02-12,ENPH,adjusted_drop,buy,"Market-adjusted drop -6.94% (stock -8.48%, market -1.54%)",44.14,44.21,win,win,-9.0,-10.63,3,7
2026-02-12,ENPH,sector_drop,buy,"Sector-adjusted drop -9.96% (stock -8.48%, XLU +1.48%)",44.14,44.21,win,win,-9.0,-10.63,3,7
2026-02-12,ENPH,confluence,buy,"Confluence (2): adjusted_drop, sector_drop",44.14,44.21,win,win,-9.0,-10.63,3,7
2026-02-26,ENPH,adjusted_drop,buy,"Market-adjusted drop -5.05% (stock -5.61%, market -0.56%)",45.77,44.93,loss,loss,-0.65,-14.47,,
2026-02-26,ENPH,sector_drop,buy,"Sector-adjusted drop -5.23% (stock -5.61%, XLU -0.38%)",45.77,44.93,loss,loss,-0.65,-14.47,,
2026-02-26,ENPH,confluence,buy,"Confluence (2): adjusted_drop, sector_drop",45.77,44.93,loss,loss,-0.65,-14.47,,
2026-03-23,ENPH,adjusted_drop,buy,"Market-adjusted drop -8.64% (stock -7.59%, market +1.05%)",40.76,40.3,win,loss,-20.6,-23.4,2,
2026-03-23,ENPH,sector_drop,buy,"Sector-adjusted drop -8.59% (stock -7.59%, XLU +0.99%)",40.76,40.3,win,loss,-20.6,-23.4,2,
2026-03-23,ENPH,confluence,buy,"Confluence (2): adjusted_drop, sector_drop",40.76,40.3,win,loss,-20.6,-23.4,2,
2026-02-04,WMB,sector_drop,buy,"Sector-adjusted drop -5.22% (stock -2.98%, XLE +2.25%)",65.99,65.31,win,win,13.67,-0.3,4,7
2026-02-10,WMB,gap_and_go,buy,Gap up +3.2% on 1.9x volume,68.35,69.3,win,win,8.55,-0.33,8,13
2026-02-10,WMB,rel_strength,buy,"New 20-day high (+3.8% above prev, 1.9x vol)",68.35,69.3,win,win,8.55,-0.33,8,13
2026-02-10,WMB,confluence,buy,"Confluence (2): gap_and_go, rel_strength",68.35,69.3,win,win,8.55,-0.33,8,13
2026-04-28,WMB,macd,buy,MACD bullish crossover (above SMA20),73.04,73.18,win,loss,8.5,-1.9,5,
2026-04-30,WMB,rel_strength,buy,"New 20-day high (+2.3% above prev, 1.6x vol)",76.31,76.35,loss,loss,1.53,-5.97,,
2026-01-29,IBM,macd,buy,MACD bullish crossover (above SMA20),305.24,303.62,loss,loss,-15.92,-17.11,,
2026-01-29,IBM,volume_spike,buy,Volume spike 2.5x (dip in uptrend),305.24,303.62,loss,loss,-15.92,-17.11,,
2026-01-29,IBM,gap_and_go,buy,Gap up +8.1% on 2.5x volume,305.24,303.62,loss,loss,-15.92,-17.11,,
2026-01-29,IBM,rel_strength,buy,"New 20-day high (+2.3% above prev, 2.5x vol)",305.24,303.62,loss,loss,-15.92,-17.11,,
2026-01-29,IBM,confluence,buy,"Confluence (2): gap_and_go, rel_strength",305.24,303.62,loss,loss,-15.92,-17.11,,
2026-02-03,IBM,adjusted_drop,buy,"Market-adjusted drop -5.64% (stock -6.49%, market -0.85%)",290.5,287.64,loss,loss,-18.02,-23.83,,
2026-02-11,IBM,adjusted_drop,buy,"Market-adjusted drop -6.47% (stock -6.50%, market -0.02%)",270.82,268.33,loss,loss,-5.09,-18.34,,
2026-02-11,IBM,sector_drop,buy,"Sector-adjusted drop -6.79% (stock -6.50%, XLK +0.29%)",270.82,268.33,loss,loss,-5.09,-18.34,,
2026-02-11,IBM,confluence,buy,"Confluence (2): adjusted_drop, sector_drop",270.82,268.33,loss,loss,-5.09,-18.34,,
2026-04-22,IBM,volume_spike,buy,Volume spike 2.7x (dip in uptrend),250.02,230.57,loss,loss,-6.91,-7.91,,
2026-04-23,IBM,adjusted_drop,buy,"Market-adjusted drop -7.86% (stock -8.25%, market -0.39%)",229.39,230.24,loss,loss,-5.15,-7.77,,
2026-04-23,IBM,sector_drop,buy,"Sector-adjusted drop -6.83% (stock -8.25%, XLK -1.42%)",229.39,230.24,loss,loss,-5.15,-7.77,,
2026-04-23,IBM,confluence,buy,"Confluence (2): adjusted_drop, sector_drop",229.39,230.24,loss,loss,-5.15,-7.77,,
2026-02-03,FIS,adjusted_drop,buy,"Market-adjusted drop -8.32% (stock -9.17%, market -0.85%)",50.51,50.47,loss,loss,-3.6,-9.31,,
2026-02-03,FIS,sector_drop,buy,"Sector-adjusted drop -6.98% (stock -9.17%, XLK -2.19%)",50.51,50.47,loss,loss,-3.6,-9.31,,
2026-02-03,FIS,confluence,buy,"Confluence (2): adjusted_drop, sector_drop",50.51,50.47,loss,loss,-3.6,-9.31,,
2026-01-27,UPS,rel_strength,buy,"New 20-day high (+2.4% above prev, 3.0x vol)",103.97,104.3,win,win,9.48,-3.67,5,10
2026-02-03,UPS,macd,buy,MACD bullish crossover (above SMA20),108.48,109.6,win,loss,2.16,-0.05,5,
2026-02-04,UPS,rel_strength,buy,"New 20-day high (+2.3% above prev, 1.8x vol)",113.23,112.51,win,loss,1.95,-1.27,6,
2026-02-12,UPS,rel_strength,buy,"New 20-day high (+1.2% above prev, 1.5x vol)",114.52,114.61,loss,loss,-12.17,-14.7,,
2026-03-05,UPS,adjusted_drop,buy,"Market-adjusted drop -5.26% (stock -5.82%, market -0.56%)",102.34,100.18,loss,loss,-4.29,-6.73,,
2026-04-28,UPS,volume_spike,buy,Volume spike 2.6x (dip in uptrend),102.22,102.87,win,loss,-5.87,-8.76,3,
2026-05-04,UPS,adjusted_drop,buy,"Market-adjusted drop -10.10% (stock -10.47%, market -0.37%)",94.71,94.99,win,loss,7.35,-1.19,14,
2026-05-04,UPS,sector_drop,buy,"Sector-adjusted drop -9.32% (stock -10.47%, XLI -1.14%)",94.71,94.99,win,loss,7.35,-1.19,14,
2026-05-04,UPS,confluence,buy,"Confluence (2): adjusted_drop, sector_drop",94.71,94.99,win,loss,7.35,-1.19,14,
2026-01-30,PEP,rel_strength,buy,"New 20-day high (+2.0% above prev, 1.6x vol)",152.27,152.7,win,win,9.26,-0.56,2,5
2026-04-28,PEP,macd,buy,MACD bullish crossover (above SMA20),156.29,155.59,loss,loss,-3.35,-5.21,,
2026-01-26,GILD,rel_strength,buy,"New 20-day high (+1.3% above prev, 1.6x vol)",137.0,136.76,win,win,12.89,0,6,9
2026-02-11,GILD,rel_strength,buy,"New 20-day high (+2.7% above prev, 1.4x vol)",154.92,152.55,loss,loss,-5.4,-6.73,,
2026-02-06,FTNT,gap_and_go,buy,Gap up +3.6% on 2.2x volume,82.76,82.27,win,loss,-3.76,-9.68,2,
2026-02-09,FTNT,rel_strength,buy,"New 20-day high (+1.3% above prev, 1.4x vol)",85.93,86.35,loss,loss,-6.08,-13.94,,
2026-03-04,FTNT,macd,buy,MACD bullish crossover (above SMA20),82.79,82.28,win,loss,-4.12,-4.64,9,
2026-04-06,FTNT,macd,buy,MACD bullish crossover (above SMA20),82.29,81.86,win,loss,4.65,-7.15,2,
2026-04-10,FTNT,sector_drop,buy,"Sector-adjusted drop -5.30% (stock -4.91%, XLK +0.39%)",76.7,76.95,win,win,12.14,-1.1,4,7
2026-04-17,FTNT,macd,buy,MACD bullish crossover (above SMA20),81.84,82.1,win,win,38.94,-0.77,3,14
2026-05-07,FTNT,gap_and_go,buy,Gap up +17.0% on 3.2x volume,107.97,107.3,win,win,28.58,-0.59,1,5
2026-05-07,FTNT,rel_strength,buy,"New 20-day high (+24.5% above prev, 3.2x vol)",107.97,107.3,win,win,28.58,-0.59,1,5
2026-05-07,FTNT,confluence,buy,"Confluence (2): gap_and_go, rel_strength",107.97,107.3,win,win,28.58,-0.59,1,5
2026-05-08,FTNT,earnings_drift,buy,"Post-catalyst drift: gap +17.0%, move +5.6%",114.07,112.1,win,win,31.26,0,3,5
2026-02-03,O,macd,buy,MACD bullish crossover (above SMA20),60.41,60.63,win,loss,6.99,-0.7,7,
2026-02-04,O,rel_strength,buy,"New 20-day high (+1.4% above prev, 1.3x vol)",61.4,61.5,win,loss,6.44,-0.16,6,
2026-02-12,O,rel_strength,buy,"New 20-day high (+2.6% above prev, 2.1x vol)",63.68,63.91,loss,loss,0.38,-0.8,,
2026-02-27,O,rel_strength,buy,"New 20-day high (+1.6% above prev, 2.0x vol)",66.13,65.93,loss,loss,-8.76,-9.28,,
2026-04-30,O,macd,buy,MACD bullish crossover (above SMA20),63.96,63.93,loss,loss,-3.08,-4.83,,
2026-01-30,CL,gap_and_go,buy,Gap up +4.1% on 2.0x volume,89.73,89.99,win,loss,7.23,-0.51,3,
2026-01-30,CL,rel_strength,buy,"New 20-day high (+4.4% above prev, 2.0x vol)",89.73,89.99,win,loss,7.23,-0.51,3,
2026-01-30,CL,confluence,buy,"Confluence (2): gap_and_go, rel_strength",89.73,89.99,win,loss,7.23,-0.51,3,
2026-05-01,CL,gap_and_go,buy,Gap up +3.3% on 1.7x volume,87.26,85.91,win,loss,5.47,-2.13,11,
2026-05-01,CL,rel_strength,buy,"New 20-day high (+3.5% above prev, 1.7x vol)",87.26,85.91,win,loss,5.47,-2.13,11,
2026-05-01,CL,confluence,buy,"Confluence (2): gap_and_go, rel_strength",87.26,85.91,win,loss,5.47,-2.13,11,
2026-02-06,GE,macd,buy,MACD bullish crossover (above SMA20),320.53,320.57,win,loss,7.69,-2.92,9,
2026-04-16,GE,adjusted_drop,buy,"Market-adjusted drop -5.23% (stock -4.98%, market +0.25%)",298.29,310.13,loss,loss,-2.42,-13.29,,
2026-05-06,GE,macd,buy,MACD bullish crossover (above SMA20),305.83,308.01,loss,loss,4.16,-8.67,,
2026-02-09,BBWI,macd,buy,MACD bullish crossover (above SMA20),22.92,23.05,win,loss,-2.68,-8.1,5,
2026-02-17,BBWI,rel_strength,buy,"New 20-day high (+3.2% above prev, 1.7x vol)",24.47,23.94,loss,loss,-14.62,-17.17,,
2026-02-23,BBWI,adjusted_drop,buy,"Market-adjusted drop -6.61% (stock -7.63%, market -1.02%)",22.52,22.73,win,loss,-10.16,-17.51,7,
2026-02-23,BBWI,sector_drop,buy,"Sector-adjusted drop -5.53% (stock -7.63%, XLY -2.09%)",22.52,22.73,win,loss,-10.16,-17.51,7,
2026-02-23,BBWI,confluence,buy,"Confluence (2): adjusted_drop, sector_drop",22.52,22.73,win,loss,-10.16,-17.51,7,
2026-03-04,BBWI,volume_spike,buy,Volume spike 2.1x (dip in uptrend),23.01,23.36,loss,loss,-22.13,-24.36,,
2026-03-04,BBWI,gap_and_go,buy,Gap up +4.8% on 2.1x volume,23.01,23.36,loss,loss,-22.13,-24.36,,
2026-03-06,BBWI,adjusted_drop,buy,"Market-adjusted drop -5.37% (stock -6.68%, market -1.31%)",20.8,20.42,win,loss,-17.73,-18.12,1,
2026-03-10,BBWI,sector_drop,buy,"Sector-adjusted drop -5.33% (stock -5.46%, XLY -0.13%)",20.44,20.5,loss,loss,-8.93,-18.44,,
2026-04-27,BBWI,adjusted_drop,buy,"Market-adjusted drop -5.65% (stock -5.48%, market +0.17%)",18.99,19.11,loss,loss,-15.18,-15.33,,
2026-05-07,BBWI,macd,buy,MACD bullish crossover (above SMA20),19.3,19.31,win,loss,3.68,-18.49,13,
2026-01-30,TMUS,macd,buy,MACD bullish crossover (above SMA20),195.21,194.63,win,win,11.86,-4.31,8,9
2026-02-11,TMUS,rel_strength,buy,"New 20-day high (+2.8% above prev, 1.9x vol)",207.41,210.73,win,loss,4.09,-0.39,3,
2026-04-29,TMUS,macd,buy,MACD bullish crossover (above SMA20),197.1,196.62,loss,loss,-3.81,-6.37,,
2026-02-19,RTX,macd,buy,MACD bullish crossover (above SMA20),203.88,204.64,loss,loss,-1.19,-6.26,,
2026-03-02,RTX,macd,buy,MACD bullish crossover (above SMA20),211.28,212.13,loss,loss,-8.54,-8.71,,
2026-03-02,RTX,gap_and_go,buy,Gap up +4.0% on 1.8x volume,211.28,212.13,loss,loss,-8.54,-8.71,,
2026-03-02,RTX,rel_strength,buy,"New 20-day high (+3.1% above prev, 1.8x vol)",211.28,212.13,loss,loss,-8.54,-8.71,,
2026-03-02,RTX,confluence,buy,"Confluence (2): gap_and_go, rel_strength",211.28,212.13,loss,loss,-8.54,-8.71,,
2026-02-06,MNST,macd,buy,MACD bullish crossover (above SMA20),82.54,82.49,win,loss,-1.73,-3.3,13,
2026-02-20,MNST,macd,buy,MACD bullish crossover (above SMA20),83.76,83.31,loss,loss,-7.44,-11.96,,
2026-02-26,MNST,rel_strength,buy,"New 20-day high (+1.2% above prev, 1.4x vol)",86.66,85.75,loss,loss,-14.01,-14.46,,
2026-03-02,MNST,adjusted_drop,buy,"Market-adjusted drop -5.03% (stock -4.97%, market +0.06%)",81.06,80.5,loss,loss,-8.12,-9.01,,
2026-05-06,MNST,macd,buy,MACD bullish crossover (above SMA20),77.2,76.71,win,win,14.7,-1.73,2,2
2026-05-08,MNST,gap_and_go,buy,Gap up +11.2% on 3.4x volume,86.29,85.01,win,loss,4.81,-2.06,12,
2026-05-08,MNST,rel_strength,buy,"New 20-day high (+13.3% above prev, 3.4x vol)",86.29,85.01,win,loss,4.81,-2.06,12,
2026-05-08,MNST,confluence,buy,"Confluence (2): gap_and_go, rel_strength",86.29,85.01,win,loss,4.81,-2.06,12,
2026-05-11,MNST,earnings_drift,buy,"Post-catalyst drift: gap +11.2%, move +0.1%",86.41,86.0,loss,loss,2.6,-1.38,,
2026-01-28,AI,gap_and_go,buy,Gap up +11.8% on 3.5x volume,13.13,12.76,loss,loss,-16.14,-21.71,,
2026-01-29,AI,adjusted_drop,buy,"Market-adjusted drop -6.43% (stock -6.63%, market -0.20%)",12.26,11.9,loss,loss,-12.77,-16.05,,
2026-02-11,AI,adjusted_drop,buy,"Market-adjusted drop -5.55% (stock -5.57%, market -0.02%)",10.84,10.8,loss,loss,-13.06,-28.47,,
2026-04-15,AI,rel_strength,buy,"New 20-day high (+2.8% above prev, 1.7x vol)",9.52,9.65,loss,loss,-0.52,-12.44,,
2026-04-23,AI,adjusted_drop,buy,"Market-adjusted drop -8.66% (stock -9.05%, market -0.39%)",8.54,8.66,win,win,4.27,-1.94,3,9
2026-01-26,AA,adjusted_drop,buy,"Market-adjusted drop -6.39% (stock -5.88%, market +0.51%)",58.36,57.57,win,win,-0.49,-4.7,1,3
2026-01-26,AA,sector_drop,buy,"Sector-adjusted drop -6.00% (stock -5.88%, XLB +0.12%)",58.36,57.57,win,win,-0.49,-4.7,1,3
2026-01-26,AA,confluence,buy,"Confluence (2): adjusted_drop, sector_drop",58.36,57.57,win,win,-0.49,-4.7,1,3
2026-02-04,AA,sector_drop,buy,"Sector-adjusted drop -7.55% (stock -5.20%, XLB +2.35%)",57.97,56.53,win,win,11.92,-2.94,2,3
2026-02-25,AA,macd,buy,MACD bullish crossover (above SMA20),64.69,63.38,win,loss,1.17,-10.95,5,
2026-02-25,AA,rel_strength,buy,"New 20-day high (+2.2% above prev, 1.4x vol)",64.69,63.38,win,loss,1.17,-10.95,5,
2026-03-04,AA,gap_and_go,buy,Gap up +4.1% on 2.0x volume,61.35,60.92,win,win,-3.8,-9.77,5,6
2026-03-11,AA,macd,buy,MACD bullish crossover (above SMA20),66.25,66.39,win,loss,8.36,-17.2,15,
2026-03-19,AA,adjusted_drop,buy,"Market-adjusted drop -8.44% (stock -8.69%, market -0.25%)",58.56,57.84,win,win,26.06,-4.96,7,7
2026-03-19,AA,sector_drop,buy,"Sector-adjusted drop -7.16% (stock -8.69%, XLB -1.53%)",58.56,57.84,win,win,26.06,-4.96,7,7
2026-03-19,AA,confluence,buy,"Confluence (2): adjusted_drop, sector_drop",58.56,57.84,win,win,26.06,-4.96,7,7
2026-03-30,AA,gap_and_go,buy,Gap up +9.6% on 1.9x volume,63.12,64.77,win,win,3.51,-2.84,2,2
2026-03-31,AA,macd,buy,MACD bullish crossover (above SMA20),66.22,67.47,win,win,1.41,-6.73,1,6
2026-04-01,AA,rel_strength,buy,"New 20-day high (+5.7% above prev, 1.5x vol)",71.94,70.67,win,loss,-7.64,-10.95,5,
2026-04-17,AA,adjusted_drop,buy,"Market-adjusted drop -8.01% (stock -6.80%, market +1.21%)",65.52,66.1,loss,loss,-4.58,-7.78,,
2026-04-17,AA,sector_drop,buy,"Sector-adjusted drop -7.05% (stock -6.80%, XLB +0.25%)",65.52,66.1,loss,loss,-4.58,-7.78,,
2026-04-17,AA,confluence,buy,"Confluence (2): adjusted_drop, sector_drop",65.52,66.1,loss,loss,-4.58,-7.78,,
2026-04-28,AA,adjusted_drop,buy,"Market-adjusted drop -5.73% (stock -6.22%, market -0.49%)",63.07,63.74,win,loss,0.3,-4.44,10,
2026-04-28,AA,sector_drop,buy,"Sector-adjusted drop -5.49% (stock -6.22%, XLB -0.73%)",63.07,63.74,win,loss,0.3,-4.44,10,
2026-04-28,AA,confluence,buy,"Confluence (2): adjusted_drop, sector_drop",63.07,63.74,win,loss,0.3,-4.44,10,
2026-02-03,AFRM,gap_and_go,buy,Gap up +3.8% on 1.5x volume,61.66,61.15,loss,loss,-21.54,-23.85,,
2026-02-06,AFRM,adjusted_drop,buy,"Market-adjusted drop -5.94% (stock -4.02%, market +1.92%)",57.03,57.03,win,loss,-18.17,-20.83,2,
2026-02-06,AFRM,sector_drop,buy,"Sector-adjusted drop -5.84% (stock -4.02%, XLF +1.82%)",57.03,57.03,win,loss,-18.17,-20.83,2,
2026-02-06,AFRM,confluence,buy,"Confluence (2): adjusted_drop, sector_drop",57.03,57.03,win,loss,-18.17,-20.83,2,
2026-04-14,AFRM,rel_strength,buy,"New 20-day high (+5.1% above prev, 1.4x vol)",55.82,58.4,win,win,14.4,-3.02,2,3
2026-04-17,AFRM,gap_and_go,buy,Gap up +5.9% on 1.8x volume,64.5,64.35,win,win,-0.53,-5.05,2,15
2026-04-23,AFRM,adjusted_drop,buy,"Market-adjusted drop -5.02% (stock -5.41%, market -0.39%)",62.98,63.5,win,win,6.41,-5.91,6,11
2026-05-08,AFRM,rel_strength,buy,"New 20-day high (+3.4% above prev, 1.8x vol)",64.01,63.09,win,win,15.57,-5.29,1,10
2026-05-08,AFRM,adjusted_drop,buy,"Market-adjusted drop -5.80% (stock -4.97%, market +0.83%)",64.01,63.09,win,win,15.57,-5.29,1,10
2026-05-08,AFRM,confluence,buy,"Confluence (2): rel_strength, adjusted_drop",64.01,63.09,win,win,15.57,-5.29,1,10
2026-02-03,ADBE,adjusted_drop,buy,"Market-adjusted drop -6.47% (stock -7.31%, market -0.85%)",271.93,267.23,win,loss,-3.53,-8.59,1,
2026-02-03,ADBE,sector_drop,buy,"Sector-adjusted drop -5.12% (stock -7.31%, XLK -2.19%)",271.93,267.23,win,loss,-3.53,-8.59,1,
2026-02-03,ADBE,confluence,buy,"Confluence (2): adjusted_drop, sector_drop",271.93,267.23,win,loss,-3.53,-8.59,1,
2026-04-22,ADBE,rel_strength,buy,"New 20-day high (+1.6% above prev, 1.4x vol)",255.94,244.88,win,loss,-3.6,-4.92,11,
2026-04-23,ADBE,adjusted_drop,buy,"Market-adjusted drop -6.24% (stock -6.63%, market -0.39%)",238.98,239.77,win,loss,-1.15,-3.35,6,
2026-04-23,ADBE,sector_drop,buy,"Sector-adjusted drop -5.20% (stock -6.63%, XLK -1.42%)",238.98,239.77,win,loss,-1.15,-3.35,6,
2026-04-23,ADBE,confluence,buy,"Confluence (2): adjusted_drop, sector_drop",238.98,239.77,win,loss,-1.15,-3.35,6,
2026-01-29,DDOG,adjusted_drop,buy,"Market-adjusted drop -8.61% (stock -8.81%, market -0.20%)",128.18,127.99,loss,loss,-9.63,-17.45,,
2026-01-29,DDOG,sector_drop,buy,"Sector-adjusted drop -7.23% (stock -8.81%, XLK -1.58%)",128.18,127.99,loss,loss,-9.63,-17.45,,
2026-01-29,DDOG,confluence,buy,"Confluence (2): adjusted_drop, sector_drop",128.18,127.99,loss,loss,-9.63,-17.45,,
2026-02-09,DDOG,gap_and_go,buy,Gap up +3.0% on 1.6x volume,114.01,124.18,win,loss,-9.99,-21.07,1,
2026-02-11,DDOG,macd,buy,MACD bullish crossover (above SMA20),127.33,131.05,loss,loss,-6.63,-25.21,,
2026-03-04,DDOG,macd,buy,MACD bullish crossover (above SMA20),118.33,118.55,win,win,4.0,0,1,6
2026-03-20,DDOG,volume_spike,buy,Volume spike 2.0x (dip in uptrend),125.08,125.97,loss,loss,-12.62,-19.99,,
2026-03-27,DDOG,adjusted_drop,buy,"Market-adjusted drop -6.20% (stock -7.90%, market -1.71%)",114.48,115.96,win,win,11.88,-13.08,3,13
2026-03-27,DDOG,sector_drop,buy,"Sector-adjusted drop -5.95% (stock -7.90%, XLK -1.95%)",114.48,115.96,win,win,11.88,-13.08,3,13
2026-03-27,DDOG,confluence,buy,"Confluence (2): adjusted_drop, sector_drop",114.48,115.96,win,win,11.88,-13.08,3,13
2026-04-16,DDOG,macd,buy,MACD bullish crossover (above SMA20),123.47,126.65,win,win,49.02,-2.49,3,11
2026-05-01,DDOG,rel_strength,buy,"New 20-day high (+4.2% above prev, 1.3x vol)",140.53,141.52,win,win,57.09,-1.78,2,4
2026-05-07,DDOG,gap_and_go,buy,Gap up +30.8% on 4.9x volume,188.73,185.5,win,win,33.34,-0.27,1,4
2026-05-08,DDOG,earnings_drift,buy,"Post-catalyst drift: gap +30.8%, move +6.1%",200.16,196.26,win,win,41.39,-1.58,5,8
2026-02-04,TGT,macd,buy,MACD bullish crossover (above SMA20),111.92,111.92,win,loss,1.6,-3.32,11,
2026-02-04,TGT,rel_strength,buy,"New 20-day high (+1.7% above prev, 1.5x vol)",111.92,111.92,win,loss,1.6,-3.32,11,
2026-03-03,TGT,rel_strength,buy,"New 20-day high (+2.9% above prev, 2.4x vol)",119.67,122.8,loss,loss,-6.49,-9.09,,
2026-03-04,TGT,macd,buy,MACD bullish crossover (above SMA20),118.96,118.65,loss,loss,-2.84,-5.91,,
2026-03-31,TGT,macd,buy,MACD bullish crossover (above SMA20),120.07,120.02,win,loss,7.8,-3.57,12,
2026-04-16,TGT,macd,buy,MACD bullish crossover (above SMA20),122.75,122.94,win,loss,1.43,-0.66,3,
2026-05-11,TGT,adjusted_drop,buy,"Market-adjusted drop -5.66% (stock -5.44%, market +0.23%)",117.33,119.87,win,loss,2.76,-2.35,6,
2026-01-29,WDAY,adjusted_drop,buy,"Market-adjusted drop -7.45% (stock -7.65%, market -0.20%)",174.66,174.17,loss,loss,-20.88,-21.55,,
2026-01-29,WDAY,sector_drop,buy,"Sector-adjusted drop -6.06% (stock -7.65%, XLK -1.58%)",174.66,174.17,loss,loss,-20.88,-21.55,,
2026-01-29,WDAY,confluence,buy,"Confluence (2): adjusted_drop, sector_drop",174.66,174.17,loss,loss,-20.88,-21.55,,
2026-02-09,WDAY,adjusted_drop,buy,"Market-adjusted drop -5.61% (stock -5.13%, market +0.48%)",154.56,156.14,loss,loss,-8.02,-24.58,,
2026-02-09,WDAY,sector_drop,buy,"Sector-adjusted drop -6.70% (stock -5.13%, XLK +1.57%)",154.56,156.14,loss,loss,-8.02,-24.58,,
2026-02-09,WDAY,confluence,buy,"Confluence (2): adjusted_drop, sector_drop",154.56,156.14,loss,loss,-8.02,-24.58,,
2026-05-08,WDAY,sector_drop,buy,"Sector-adjusted drop -5.77% (stock -2.33%, XLK +3.44%)",127.83,126.75,win,win,24.05,-11.2,7,14
2026-05-11,WDAY,adjusted_drop,buy,"Market-adjusted drop -5.24% (stock -5.01%, market +0.23%)",121.42,122.53,win,win,21.5,-8.14,5,6
2026-01-26,NTLA,adjusted_drop,buy,"Market-adjusted drop -5.16% (stock -4.65%, market +0.51%)",13.95,16.51,loss,loss,-25.98,-33.77,,
2026-01-26,NTLA,sector_drop,buy,"Sector-adjusted drop -5.04% (stock -4.65%, XLV +0.39%)",13.95,16.51,loss,loss,-25.98,-33.77,,
2026-01-26,NTLA,confluence,buy,"Confluence (2): adjusted_drop, sector_drop",13.95,16.51,loss,loss,-25.98,-33.77,,
2026-01-27,NTLA,volume_spike,buy,Volume spike 2.5x (dip in uptrend),14.83,14.97,loss,loss,-16.63,-26.95,,
2026-01-27,NTLA,gap_and_go,buy,Gap up +18.4% on 2.5x volume,14.83,14.97,loss,loss,-16.63,-26.95,,
2026-01-27,NTLA,rel_strength,buy,"New 20-day high (+7.1% above prev, 2.5x vol)",14.83,14.97,loss,loss,-16.63,-26.95,,
2026-02-04,NTLA,sector_drop,buy,"Sector-adjusted drop -6.54% (stock -5.29%, XLV +1.25%)",12.36,11.98,win,win,19.2,-8.72,9,12
2026-02-05,NTLA,adjusted_drop,buy,"Market-adjusted drop -9.03% (stock -10.28%, market -1.25%)",11.09,11.32,win,win,21.73,-0.97,1,2
2026-02-24,NTLA,macd,buy,MACD bullish crossover (above SMA20),13.58,13.6,win,win,-0.88,-7.72,2,4
2026-02-27,NTLA,sector_drop,buy,"Sector-adjusted drop -5.27% (stock -3.50%, XLV +1.77%)",13.78,13.79,win,win,-6.89,-8.99,1,1
2026-03-02,NTLA,rel_strength,buy,"New 20-day high (+8.5% above prev, 4.2x vol)",15.44,14.79,loss,loss,-11.36,-15.15,,
2026-03-03,NTLA,volume_spike,buy,Volume spike 2.1x (dip in uptrend),13.6,13.98,loss,loss,-8.37,-10.23,,
2026-03-03,NTLA,adjusted_drop,buy,"Market-adjusted drop -11.00% (stock -11.88%, market -0.88%)",13.6,13.98,loss,loss,-8.37,-10.23,,
2026-03-30,NTLA,adjusted_drop,buy,"Market-adjusted drop -5.49% (stock -5.82%, market -0.33%)",11.65,11.87,win,win,28.98,0,1,2
2026-03-30,NTLA,sector_drop,buy,"Sector-adjusted drop -6.21% (stock -5.82%, XLV +0.39%)",11.65,11.87,win,win,28.98,0,1,2
2026-03-30,NTLA,confluence,buy,"Confluence (2): adjusted_drop, sector_drop",11.65,11.87,win,win,28.98,0,1,2
2026-04-07,NTLA,macd,buy,MACD bullish crossover (above SMA20),13.55,14.11,win,win,-6.45,-12.18,5,10
2026-04-16,NTLA,adjusted_drop,buy,"Market-adjusted drop -5.47% (stock -5.22%, market +0.25%)",14.16,14.58,win,win,-5.97,-19.38,3,4
2026-04-21,NTLA,rel_strength,buy,"New 20-day high (+4.0% above prev, 1.4x vol)",15.31,15.71,win,loss,-10.95,-25.18,1,
2026-04-24,NTLA,adjusted_drop,buy,"Market-adjusted drop -14.89% (stock -14.11%, market +0.77%)",13.63,14.23,win,loss,-3.94,-17.39,11,
2026-04-24,NTLA,sector_drop,buy,"Sector-adjusted drop -12.71% (stock -14.11%, XLV -1.41%)",13.63,14.23,win,loss,-3.94,-17.39,11,
2026-04-24,NTLA,confluence,buy,"Confluence (2): adjusted_drop, sector_drop",13.63,14.23,win,loss,-3.94,-17.39,11,
2026-04-27,NTLA,gap_and_go,buy,Gap up +4.4% on 8.0x volume,13.04,12.82,win,win,-1.01,-8.31,1,1
2026-04-22,SE,volume_spike,buy,Volume spike 2.1x (dip in uptrend),86.29,84.78,win,win,10.31,-3.47,10,14
2026-02-11,DASH,adjusted_drop,buy,"Market-adjusted drop -5.46% (stock -5.48%, market -0.02%)",175.47,176.66,win,loss,3.86,-10.56,5,
2026-02-12,DASH,sector_drop,buy,"Sector-adjusted drop -6.78% (stock -8.17%, XLY -1.38%)",161.14,161.29,win,win,11.08,-2.04,3,4
2026-02-19,DASH,gap_and_go,buy,Gap up +6.7% on 3.2x volume,176.19,174.25,win,loss,-7.17,-7.5,5,
2026-02-20,DASH,earnings_drift,buy,"Post-catalyst drift: gap +6.7%, move +0.1%",176.29,167.95,win,win,-3.92,-5.06,4,9
2026-04-15,DASH,rel_strength,buy,"New 20-day high (+4.0% above prev, 1.7x vol)",179.93,182.04,win,loss,-7.73,-9.86,3,
2026-05-07,DASH,gap_and_go,buy,Gap up +8.2% on 2.9x volume,171.35,169.75,loss,loss,-6.16,-13.51,,
2026-05-08,DASH,adjusted_drop,buy,"Market-adjusted drop -5.16% (stock -4.33%, market +0.83%)",163.93,162.34,loss,loss,1.5,-9.57,,
2026-01-30,APP,adjusted_drop,buy,"Market-adjusted drop -16.59% (stock -16.89%, market -0.30%)",473.11,502.55,loss,loss,-24.26,-28.56,,
2026-01-30,APP,sector_drop,buy,"Sector-adjusted drop -14.85% (stock -16.89%, XLK -2.04%)",473.11,502.55,loss,loss,-24.26,-28.56,,
2026-01-30,APP,confluence,buy,"Confluence (2): adjusted_drop, sector_drop",473.11,502.55,loss,loss,-24.26,-28.56,,
2026-02-09,APP,gap_and_go,buy,Gap up +3.6% on 1.5x volume,460.38,473.15,loss,loss,-7.24,-24.13,,
2026-02-12,APP,adjusted_drop,buy,"Market-adjusted drop -18.14% (stock -19.68%, market -1.54%)",366.91,365.0,win,win,37.57,-1.64,1,3
2026-02-12,APP,sector_drop,buy,"Sector-adjusted drop -17.05% (stock -19.68%, XLK -2.63%)",366.91,365.0,win,win,37.57,-1.64,1,3
2026-02-12,APP,confluence,buy,"Confluence (2): adjusted_drop, sector_drop",366.91,365.0,win,win,37.57,-1.64,1,3
2026-04-13,APP,macd,buy,MACD bullish crossover (above SMA20),417.45,428.55,win,win,10.84,-0.84,2,3
2026-04-23,APP,adjusted_drop,buy,"Market-adjusted drop -5.72% (stock -6.11%, market -0.39%)",454.17,455.0,win,win,6.63,-5.44,7,10
2026-05-06,APP,volume_spike,buy,Volume spike 2.0x (dip in uptrend),468.83,454.88,win,win,31.88,-2.61,1,1
2026-05-07,APP,rel_strength,buy,"New 20-day high (+4.2% above prev, 3.1x vol)",498.87,494.07,win,win,24.09,-9.51,12,13
2026-05-08,APP,adjusted_drop,buy,"Market-adjusted drop -6.90% (stock -6.08%, market +0.83%)",468.55,456.07,win,win,34.56,-1.97,1,5
2026-05-08,APP,sector_drop,buy,"Sector-adjusted drop -9.51% (stock -6.08%, XLK +3.44%)",468.55,456.07,win,win,34.56,-1.97,1,5
2026-05-08,APP,confluence,buy,"Confluence (2): adjusted_drop, sector_drop",468.55,456.07,win,win,34.56,-1.97,1,5
2026-04-08,COF,rel_strength,buy,"New 20-day high (+1.7% above prev, 1.4x vol)",191.64,191.51,win,loss,-0.77,-1.38,5,
2026-01-30,UPST,adjusted_drop,buy,"Market-adjusted drop -5.19% (stock -5.49%, market -0.30%)",39.25,38.98,win,loss,-30.07,-30.63,7,
2026-01-30,UPST,sector_drop,buy,"Sector-adjusted drop -5.28% (stock -5.49%, XLF -0.21%)",39.25,38.98,win,loss,-30.07,-30.63,7,
2026-01-30,UPST,confluence,buy,"Confluence (2): adjusted_drop, sector_drop",39.25,38.98,win,loss,-30.07,-30.63,7,
2026-02-11,UPST,adjusted_drop,buy,"Market-adjusted drop -15.02% (stock -15.04%, market -0.02%)",33.1,33.37,loss,loss,-14.26,-23.28,,
2026-02-11,UPST,sector_drop,buy,"Sector-adjusted drop -13.53% (stock -15.04%, XLF -1.51%)",33.1,33.37,loss,loss,-14.26,-23.28,,
2026-02-11,UPST,confluence,buy,"Confluence (2): adjusted_drop, sector_drop",33.1,33.37,loss,loss,-14.26,-23.28,,
2026-02-20,UPST,adjusted_drop,buy,"Market-adjusted drop -5.16% (stock -4.44%, market +0.72%)",29.29,28.68,win,loss,-8.09,-10.74,4,
2026-02-20,UPST,sector_drop,buy,"Sector-adjusted drop -5.09% (stock -4.44%, XLF +0.65%)",29.29,28.68,win,loss,-8.09,-10.74,4,
2026-02-20,UPST,confluence,buy,"Confluence (2): adjusted_drop, sector_drop",29.29,28.68,win,loss,-8.09,-10.74,4,
2026-04-15,UPST,gap_and_go,buy,Gap up +5.1% on 2.2x volume,33.36,34.04,win,loss,-15.69,-18.23,4,
2026-04-15,UPST,rel_strength,buy,"New 20-day high (+13.8% above prev, 2.2x vol)",33.36,34.04,win,loss,-15.69,-18.23,4,
2026-04-15,UPST,confluence,buy,"Confluence (2): gap_and_go, rel_strength",33.36,34.04,win,loss,-15.69,-18.23,4,
2026-04-23,UPST,adjusted_drop,buy,"Market-adjusted drop -5.14% (stock -5.53%, market -0.39%)",32.82,32.89,loss,loss,-9.67,-20.28,,
2026-04-29,UPST,sector_drop,buy,"Sector-adjusted drop -7.38% (stock -7.24%, XLF +0.14%)",30.48,30.39,win,loss,-5.08,-13.71,2,
2026-05-06,UPST,adjusted_drop,buy,"Market-adjusted drop -9.31% (stock -7.92%, market +1.39%)",28.7,29.0,win,win,12.72,-9.59,7,15
2026-04-20,EW,macd,buy,MACD bullish crossover (above SMA20),81.44,81.48,loss,loss,-5.29,-6.12,,
2026-04-24,EW,gap_and_go,buy,Gap up +3.5% on 2.3x volume,84.15,83.54,loss,loss,-2.59,-8.44,,
2026-04-24,EW,rel_strength,buy,"New 20-day high (+1.2% above prev, 2.3x vol)",84.15,83.54,loss,loss,-2.59,-8.44,,
2026-04-24,EW,confluence,buy,"Confluence (2): gap_and_go, rel_strength",84.15,83.54,loss,loss,-2.59,-8.44,,
2026-01-29,EOG,volume_spike,buy,Volume spike 2.1x (dip in uptrend),111.22,110.64,win,win,10.39,-4.04,9,14
2026-01-29,EOG,rel_strength,buy,"New 20-day high (+3.6% above prev, 2.1x vol)",111.22,110.64,win,win,10.39,-4.04,9,14
2026-03-02,EOG,rel_strength,buy,"New 20-day high (+2.1% above prev, 1.6x vol)",127.66,129.0,win,loss,7.45,-4.46,11,
2026-03-20,EOG,volume_spike,buy,Volume spike 2.6x (dip in uptrend),137.66,134.8,win,win,0.82,-2.1,2,5
2026-03-31,EOG,adjusted_drop,buy,"Market-adjusted drop -6.46% (stock -3.55%, market +2.91%)",143.46,139.83,loss,loss,-4.88,-11.1,,
2026-04-17,EOG,adjusted_drop,buy,"Market-adjusted drop -5.42% (stock -4.21%, market +1.21%)",128.43,128.72,win,win,1.02,-0.54,6,11
2026-04-29,EOG,macd,buy,MACD bullish crossover (above SMA20),139.12,136.73,win,loss,3.58,-5.78,13,
2026-05-06,EOG,adjusted_drop,buy,"Market-adjusted drop -5.74% (stock -4.35%, market +1.39%)",134.69,130.92,win,win,2.8,-1.6,7,9
2026-01-30,HUT,adjusted_drop,buy,"Market-adjusted drop -8.97% (stock -9.26%, market -0.30%)",55.83,54.3,win,win,-0.5,-19.32,1,2
2026-01-30,HUT,sector_drop,buy,"Sector-adjusted drop -8.75% (stock -9.26%, BITO -0.51%)",55.83,54.3,win,win,-0.5,-19.32,1,2
2026-01-30,HUT,confluence,buy,"Confluence (2): adjusted_drop, sector_drop",55.83,54.3,win,win,-0.5,-19.32,1,2
2026-02-24,HUT,macd,buy,MACD bullish crossover (above SMA20),59.19,59.92,loss,loss,-13.57,-26.37,,
2026-02-25,HUT,adjusted_drop,buy,"Market-adjusted drop -7.42% (stock -6.57%, market +0.84%)",55.3,55.85,loss,loss,-11.62,-21.0,,
2026-02-25,HUT,sector_drop,buy,"Sector-adjusted drop -13.88% (stock -6.57%, BITO +7.30%)",55.3,55.85,loss,loss,-11.62,-21.0,,
2026-02-25,HUT,confluence,buy,"Confluence (2): adjusted_drop, sector_drop",55.3,55.85,loss,loss,-11.62,-21.0,,
2026-03-23,HUT,macd,buy,MACD bullish crossover (above SMA20),52.94,52.06,win,win,37.8,-19.21,2,11
2026-03-23,HUT,gap_and_go,buy,Gap up +4.2% on 1.7x volume,52.94,52.06,win,win,37.8,-19.21,2,11
2026-03-26,HUT,adjusted_drop,buy,"Market-adjusted drop -7.28% (stock -9.06%, market -1.79%)",50.58,49.72,win,win,50.64,-15.41,7,8
2026-03-26,HUT,sector_drop,buy,"Sector-adjusted drop -5.68% (stock -9.06%, BITO -3.38%)",50.58,49.72,win,win,50.64,-15.41,7,8
2026-03-26,HUT,confluence,buy,"Confluence (2): adjusted_drop, sector_drop",50.58,49.72,win,win,50.64,-15.41,7,8
2026-04-07,HUT,macd,buy,MACD bullish crossover (above SMA20),52.66,57.08,win,win,26.32,-0.18,1,1
2026-04-08,HUT,gap_and_go,buy,Gap up +8.4% on 2.7x volume,61.43,61.06,win,win,16.28,-0.84,1,2
2026-04-08,HUT,rel_strength,buy,"New 20-day high (+11.9% above prev, 2.7x vol)",61.43,61.06,win,win,16.28,-0.84,1,2
2026-04-08,HUT,confluence,buy,"Confluence (2): gap_and_go, rel_strength",61.43,61.06,win,win,16.28,-0.84,1,2
2026-05-06,HUT,macd,buy,MACD bullish crossover (above SMA20),108.94,105.11,win,win,18.21,-17.4,5,13
2026-05-06,HUT,gap_and_go,buy,Gap up +26.2% on 4.1x volume,108.94,105.11,win,win,18.21,-17.4,5,13
2026-05-06,HUT,rel_strength,buy,"New 20-day high (+33.8% above prev, 4.1x vol)",108.94,105.11,win,win,18.21,-17.4,5,13
2026-05-06,HUT,confluence,buy,"Confluence (2): gap_and_go, rel_strength",108.94,105.11,win,win,18.21,-17.4,5,13
2026-05-07,HUT,adjusted_drop,buy,"Market-adjusted drop -6.82% (stock -7.12%, market -0.31%)",101.18,105.77,win,win,18.02,-17.92,4,12
2026-05-07,HUT,sector_drop,buy,"Sector-adjusted drop -5.42% (stock -7.12%, BITO -1.70%)",101.18,105.77,win,win,18.02,-17.92,4,12
2026-02-04,MGM,volume_spike,buy,Volume spike 2.8x (dip in uptrend),36.93,35.98,win,loss,4.56,-6.81,3,
2026-02-04,MGM,gap_and_go,buy,Gap up +11.8% on 2.8x volume,36.93,35.98,win,loss,4.56,-6.81,3,
2026-02-04,MGM,rel_strength,buy,"New 20-day high (+8.0% above prev, 2.8x vol)",36.93,35.98,win,loss,4.56,-6.81,3,
2026-02-04,MGM,confluence,buy,"Confluence (2): gap_and_go, rel_strength",36.93,35.98,win,loss,4.56,-6.81,3,
2026-02-18,MGM,macd,buy,MACD bullish crossover (above SMA20),37.19,36.8,loss,loss,-1.39,-9.1,,
2026-02-23,MGM,adjusted_drop,buy,"Market-adjusted drop -5.88% (stock -6.90%, market -1.02%)",34.25,34.4,win,win,4.59,-2.76,3,3
2026-02-26,MGM,macd,buy,MACD bullish crossover (above SMA20),37.62,36.86,loss,loss,0.76,-9.25,,
2026-03-13,MGM,macd,buy,MACD bullish crossover (above SMA20),36.68,37.22,loss,loss,1.02,-5.43,,
2026-03-23,MGM,macd,buy,MACD bullish crossover (above SMA20),36.95,36.8,win,loss,-0.19,-4.02,11,
2026-04-06,MGM,macd,buy,MACD bullish crossover (above SMA20),37.6,37.44,win,loss,8.31,-4.51,9,
2026-04-15,MGM,macd,buy,MACD bullish crossover (above SMA20),38.36,38.2,win,loss,0.03,-1.28,2,
2026-04-27,MGM,rel_strength,buy,"New 20-day high (+1.2% above prev, 1.7x vol)",40.55,40.51,loss,loss,-8.44,-10.24,,
2026-04-30,MGM,volume_spike,buy,Volume spike 2.0x (dip in uptrend),38.94,38.72,loss,loss,-2.74,-8.78,,
2026-01-26,FCEL,adjusted_drop,buy,"Market-adjusted drop -10.77% (stock -10.27%, market +0.51%)",9.09,9.06,win,loss,-19.65,-29.91,1,
2026-01-26,FCEL,sector_drop,buy,"Sector-adjusted drop -10.99% (stock -10.27%, XLU +0.73%)",9.09,9.06,win,loss,-19.65,-29.91,1,
2026-01-26,FCEL,confluence,buy,"Confluence (2): adjusted_drop, sector_drop",9.09,9.06,win,loss,-19.65,-29.91,1,
2026-02-04,FCEL,adjusted_drop,buy,"Market-adjusted drop -7.68% (stock -8.16%, market -0.48%)",7.09,6.91,win,win,31.26,-8.1,3,4
2026-02-04,FCEL,sector_drop,buy,"Sector-adjusted drop -7.79% (stock -8.16%, XLU -0.37%)",7.09,6.91,win,win,31.26,-8.1,3,4
2026-02-04,FCEL,confluence,buy,"Confluence (2): adjusted_drop, sector_drop",7.09,6.91,win,win,31.26,-8.1,3,4
2026-02-12,FCEL,sector_drop,buy,"Sector-adjusted drop -6.62% (stock -5.14%, XLU +1.48%)",7.01,7.01,win,win,8.42,-1.85,1,4
2026-02-27,FCEL,adjusted_drop,buy,"Market-adjusted drop -9.77% (stock -10.25%, market -0.48%)",8.14,7.75,win,win,-14.97,-17.29,1,3
2026-02-27,FCEL,sector_drop,buy,"Sector-adjusted drop -11.42% (stock -10.25%, XLU +1.17%)",8.14,7.75,win,win,-14.97,-17.29,1,3
2026-02-27,FCEL,confluence,buy,"Confluence (2): adjusted_drop, sector_drop",8.14,7.75,win,win,-14.97,-17.29,1,3
2026-04-14,FCEL,gap_and_go,buy,Gap up +5.4% on 2.8x volume,7.3,7.34,win,win,84.6,-3.81,4,4
2026-04-14,FCEL,rel_strength,buy,"New 20-day high (+6.2% above prev, 2.8x vol)",7.3,7.34,win,win,84.6,-3.81,4,4
2026-04-14,FCEL,confluence,buy,"Confluence (2): gap_and_go, rel_strength",7.3,7.34,win,win,84.6,-3.81,4,4
2026-04-22,FCEL,gap_and_go,buy,Gap up +5.3% on 6.6x volume,11.8,11.78,win,win,69.1,-18.17,1,5
2026-04-22,FCEL,rel_strength,buy,"New 20-day high (+14.9% above prev, 6.6x vol)",11.8,11.78,win,win,69.1,-18.17,1,5
2026-04-22,FCEL,confluence,buy,"Confluence (2): gap_and_go, rel_strength",11.8,11.78,win,win,69.1,-18.17,1,5
2026-04-23,FCEL,earnings_drift,buy,"Post-catalyst drift: gap +5.3%, move +3.1%",12.17,12.36,win,win,74.76,-22.01,4,4
2026-04-24,FCEL,adjusted_drop,buy,"Market-adjusted drop -8.91% (stock -8.13%, market +0.77%)",11.18,11.18,win,win,91.06,-13.77,3,3
2026-04-24,FCEL,sector_drop,buy,"Sector-adjusted drop -8.33% (stock -8.13%, XLU +0.20%)",11.18,11.18,win,win,91.06,-13.77,3,3
2026-04-30,FCEL,volume_spike,buy,Volume spike 2.7x (dip in uptrend),13.0,13.26,win,win,98.94,-11.61,1,7
2026-05-01,FCEL,rel_strength,buy,"New 20-day high (+4.7% above prev, 1.8x vol)",13.31,13.21,win,win,89.33,-11.28,2,6
2026-05-06,FCEL,adjusted_drop,buy,"Market-adjusted drop -6.85% (stock -5.46%, market +1.39%)",12.81,12.5,win,win,95.12,-6.24,2,2
2026-05-11,FCEL,rel_strength,buy,"New 20-day high (+17.8% above prev, 1.6x vol)",15.94,16.41,win,win,50.15,-11.4,2,2
2026-01-26,LIDR,adjusted_drop,buy,"Market-adjusted drop -8.01% (stock -7.50%, market +0.51%)",1.85,1.86,loss,loss,-13.44,-26.34,,
2026-01-26,LIDR,sector_drop,buy,"Sector-adjusted drop -7.60% (stock -7.50%, XLI +0.10%)",1.85,1.86,loss,loss,-13.44,-26.34,,
2026-01-26,LIDR,confluence,buy,"Confluence (2): adjusted_drop, sector_drop",1.85,1.86,loss,loss,-13.44,-26.34,,
2026-02-04,LIDR,adjusted_drop,buy,"Market-adjusted drop -6.79% (stock -7.27%, market -0.48%)",1.53,1.47,win,win,15.65,-6.8,2,3
2026-02-04,LIDR,sector_drop,buy,"Sector-adjusted drop -7.54% (stock -7.27%, XLI +0.27%)",1.53,1.47,win,win,15.65,-6.8,2,3
2026-02-04,LIDR,confluence,buy,"Confluence (2): adjusted_drop, sector_drop",1.53,1.47,win,win,15.65,-6.8,2,3
2026-02-20,LIDR,adjusted_drop,buy,"Market-adjusted drop -5.87% (stock -5.14%, market +0.72%)",1.66,1.64,win,loss,-3.05,-8.23,6,
2026-02-20,LIDR,sector_drop,buy,"Sector-adjusted drop -5.65% (stock -5.14%, XLI +0.50%)",1.66,1.64,win,loss,-3.05,-8.23,6,
2026-02-20,LIDR,confluence,buy,"Confluence (2): adjusted_drop, sector_drop",1.66,1.64,win,loss,-3.05,-8.23,6,
2026-03-16,LIDR,gap_and_go,buy,Gap up +3.1% on 47.6x volume,1.55,2.26,win,win,-27.43,-28.76,3,3
2026-03-17,LIDR,volume_spike,buy,Volume spike 53.4x (dip in uptrend),1.83,1.75,win,win,-7.43,-8.0,1,1
2026-03-17,LIDR,rel_strength,buy,"New 20-day high (+31.7% above prev, 53.4x vol)",1.83,1.75,win,win,-7.43,-8.0,1,1
2026-03-18,LIDR,earnings_drift,buy,"Post-catalyst drift: gap +45.8%, move +2.2%",1.87,1.82,win,win,-13.19,-13.19,1,1
2026-03-20,LIDR,adjusted_drop,buy,"Market-adjusted drop -12.08% (stock -13.51%, market -1.43%)",2.24,2.19,loss,loss,-25.57,-29.22,,
2026-03-20,LIDR,sector_drop,buy,"Sector-adjusted drop -12.06% (stock -13.51%, XLI -1.46%)",2.24,2.19,loss,loss,-25.57,-29.22,,
2026-03-20,LIDR,confluence,buy,"Confluence (2): adjusted_drop, sector_drop",2.24,2.19,loss,loss,-25.57,-29.22,,
2026-03-30,LIDR,adjusted_drop,buy,"Market-adjusted drop -6.15% (stock -6.49%, market -0.33%)",1.73,1.74,win,win,-1.72,-10.92,1,2
2026-04-07,LIDR,sector_drop,buy,"Sector-adjusted drop -6.09% (stock -6.29%, XLI -0.20%)",1.64,1.76,win,win,23.86,-11.93,13,13
2026-04-22,LIDR,macd,buy,MACD bullish crossover (above SMA20),1.81,1.79,win,win,35.75,-7.26,2,2
2026-04-23,LIDR,adjusted_drop,buy,"Market-adjusted drop -6.24% (stock -6.63%, market -0.39%)",1.69,2.24,win,win,-7.14,-17.41,1,1
2026-04-23,LIDR,sector_drop,buy,"Sector-adjusted drop -8.40% (stock -6.63%, XLI +1.77%)",1.69,2.24,win,win,-7.14,-17.41,1,1
2026-04-23,LIDR,confluence,buy,"Confluence (2): adjusted_drop, sector_drop",1.69,2.24,win,win,-7.14,-17.41,1,1
2026-04-24,LIDR,volume_spike,buy,Volume spike 118.3x (dip in uptrend),2.19,2.26,win,win,-16.37,-19.47,2,13
2026-04-24,LIDR,gap_and_go,buy,Gap up +32.5% on 118.3x volume,2.19,2.26,win,win,-16.37,-19.47,2,13
2026-04-24,LIDR,rel_strength,buy,"New 20-day high (+46.6% above prev, 118.3x vol)",2.19,2.26,win,win,-16.37,-19.47,2,13
2026-05-07,LIDR,adjusted_drop,buy,"Market-adjusted drop -7.95% (stock -8.25%, market -0.31%)",1.89,1.88,win,win,6.38,-6.38,1,2
2026-05-07,LIDR,sector_drop,buy,"Sector-adjusted drop -6.63% (stock -8.25%, XLI -1.62%)",1.89,1.88,win,win,6.38,-6.38,1,2
2026-05-07,LIDR,confluence,buy,"Confluence (2): adjusted_drop, sector_drop",1.89,1.88,win,win,6.38,-6.38,1,2
2026-05-11,LIDR,macd,buy,MACD bullish crossover (above SMA20),2.13,2.09,win,win,-0.48,-15.79,1,2
2026-01-28,NVAX,adjusted_drop,buy,"Market-adjusted drop -6.00% (stock -6.01%, market -0.01%)",9.23,9.25,loss,loss,-0.22,-15.24,,
2026-01-28,NVAX,sector_drop,buy,"Sector-adjusted drop -5.27% (stock -6.01%, XLV -0.73%)",9.23,9.25,loss,loss,-0.22,-15.24,,
2026-01-28,NVAX,confluence,buy,"Confluence (2): adjusted_drop, sector_drop",9.23,9.25,loss,loss,-0.22,-15.24,,
2026-02-12,NVAX,sector_drop,buy,"Sector-adjusted drop -5.97% (stock -6.13%, XLV -0.16%)",8.42,8.55,win,win,16.73,-0.82,4,5
2026-02-23,NVAX,macd,buy,MACD bullish crossover (above SMA20),9.36,9.35,win,win,7.81,-2.25,3,3
2026-02-26,NVAX,gap_and_go,buy,Gap up +3.1% on 6.4x volume,11.19,11.15,loss,loss,-12.65,-18.03,,
2026-02-26,NVAX,rel_strength,buy,"New 20-day high (+20.4% above prev, 6.4x vol)",11.19,11.15,loss,loss,-12.65,-18.03,,
2026-02-26,NVAX,confluence,buy,"Confluence (2): gap_and_go, rel_strength",11.19,11.15,loss,loss,-12.65,-18.03,,
2026-02-27,NVAX,volume_spike,buy,Volume spike 2.2x (dip in uptrend),10.14,9.78,win,win,-1.64,-6.54,1,7
2026-02-27,NVAX,adjusted_drop,buy,"Market-adjusted drop -8.90% (stock -9.38%, market -0.48%)",10.14,9.78,win,win,-1.64,-6.54,1,7
2026-02-27,NVAX,sector_drop,buy,"Sector-adjusted drop -11.15% (stock -9.38%, XLV +1.77%)",10.14,9.78,win,win,-1.64,-6.54,1,7
2026-04-15,NVAX,macd,buy,MACD bullish crossover (above SMA20),8.69,8.78,win,loss,6.61,-12.19,15,
2026-05-06,NVAX,gap_and_go,buy,Gap up +5.7% on 5.4x volume,9.36,9.67,win,win,6.72,-10.65,1,2
2026-05-06,NVAX,rel_strength,buy,"New 20-day high (+6.5% above prev, 5.4x vol)",9.36,9.67,win,win,6.72,-10.65,1,2
2026-05-06,NVAX,confluence,buy,"Confluence (2): gap_and_go, rel_strength",9.36,9.67,win,win,6.72,-10.65,1,2
2026-05-07,NVAX,volume_spike,buy,Volume spike 2.5x (dip in uptrend),9.23,9.36,win,win,17.2,-7.69,1,1
2026-05-11,NVAX,adjusted_drop,buy,"Market-adjusted drop -6.26% (stock -6.03%, market +0.23%)",9.5,9.23,win,win,10.62,-6.39,1,10
2026-05-11,NVAX,sector_drop,buy,"Sector-adjusted drop -5.72% (stock -6.03%, XLV -0.31%)",9.5,9.23,win,win,10.62,-6.39,1,10
2026-01-26,ZM,macd,buy,MACD bullish crossover (above SMA20),95.46,96.75,loss,loss,-8.37,-9.88,,
2026-01-26,ZM,rel_strength,buy,"New 20-day high (+8.4% above prev, 4.3x vol)",95.46,96.75,loss,loss,-8.37,-9.88,,
2026-02-26,ZM,adjusted_drop,buy,"Market-adjusted drop -11.02% (stock -11.58%, market -0.56%)",75.54,73.97,win,loss,3.74,-4.43,4,
2026-02-26,ZM,sector_drop,buy,"Sector-adjusted drop -10.18% (stock -11.58%, XLK -1.40%)",75.54,73.97,win,loss,3.74,-4.43,4,
2026-02-26,ZM,confluence,buy,"Confluence (2): adjusted_drop, sector_drop",75.54,73.97,win,loss,3.74,-4.43,4,
2026-04-10,ZM,adjusted_drop,buy,"Market-adjusted drop -5.63% (stock -5.70%, market -0.07%)",79.24,79.86,win,win,29.53,-0.78,2,3
2026-04-10,ZM,sector_drop,buy,"Sector-adjusted drop -6.09% (stock -5.70%, XLK +0.39%)",79.24,79.86,win,win,29.53,-0.78,2,3
2026-04-10,ZM,confluence,buy,"Confluence (2): adjusted_drop, sector_drop",79.24,79.86,win,win,29.53,-0.78,2,3
2026-04-15,ZM,rel_strength,buy,"New 20-day high (+3.6% above prev, 1.6x vol)",89.03,90.0,win,win,16.81,-4.36,4,12
2026-04-29,ZM,rel_strength,buy,"New 20-day high (+2.1% above prev, 1.7x vol)",95.76,95.5,win,win,4.1,-2.1,2,3
2026-05-06,ZM,adjusted_drop,buy,"Market-adjusted drop -5.03% (stock -3.64%, market +1.39%)",105.13,107.65,win,loss,-6.68,-11.42,12,
2026-05-06,ZM,sector_drop,buy,"Sector-adjusted drop -6.30% (stock -3.64%, XLK +2.66%)",105.13,107.65,win,loss,-6.68,-11.42,12,
2026-05-06,ZM,confluence,buy,"Confluence (2): adjusted_drop, sector_drop",105.13,107.65,win,loss,-6.68,-11.42,12,
2026-02-20,DXCM,macd,buy,MACD bullish crossover (above SMA20),73.08,73.07,loss,loss,-12.08,-12.66,,
2026-04-08,DXCM,macd,buy,MACD bullish crossover (above SMA20),65.8,65.39,loss,loss,-11.97,-13.26,,
2026-04-17,DXCM,macd,buy,MACD bullish crossover (above SMA20),63.98,63.57,loss,loss,-4.66,-10.78,,
2026-01-27,GSK,macd,buy,MACD bullish crossover (above SMA20),49.94,49.32,win,win,21.95,-1.14,5,6
2026-02-04,GSK,gap_and_go,buy,Gap up +6.0% on 2.1x volume,56.26,56.81,win,loss,1.29,-0.1,8,
2026-02-04,GSK,rel_strength,buy,"New 20-day high (+7.9% above prev, 2.1x vol)",56.26,56.81,win,loss,1.29,-0.1,8,
2026-02-04,GSK,confluence,buy,"Confluence (2): gap_and_go, rel_strength",56.26,56.81,win,loss,1.29,-0.1,8,
2026-03-30,GSK,macd,buy,MACD bullish crossover (above SMA20),53.74,54.24,win,loss,2.52,-0.68,7,
2026-01-26,NET,gap_and_go,buy,Gap up +6.6% on 3.2x volume,189.35,212.02,loss,loss,-8.65,-24.37,,
2026-01-27,NET,macd,buy,MACD bullish crossover (above SMA20),205.95,206.0,loss,loss,-7.07,-22.16,,
2026-01-27,NET,volume_spike,buy,Volume spike 4.4x (dip in uptrend),205.95,206.0,loss,loss,-7.07,-22.16,,
2026-01-27,NET,rel_strength,buy,"New 20-day high (+6.3% above prev, 4.4x vol)",205.95,206.0,loss,loss,-7.07,-22.16,,
2026-01-27,NET,earnings_drift,buy,"Post-catalyst drift: gap +6.6%, move +8.8%",205.95,206.0,loss,loss,-7.07,-22.16,,
2026-01-27,NET,confluence,buy,"Confluence (2): rel_strength, earnings_drift",205.95,206.0,loss,loss,-7.07,-22.16,,
2026-01-28,NET,adjusted_drop,buy,"Market-adjusted drop -10.22% (stock -10.23%, market -0.01%)",184.88,186.27,win,loss,3.42,-13.92,10,
2026-01-28,NET,sector_drop,buy,"Sector-adjusted drop -11.03% (stock -10.23%, XLK +0.80%)",184.88,186.27,win,loss,3.42,-13.92,10,
2026-02-10,NET,macd,buy,MACD bullish crossover (above SMA20),179.98,203.05,loss,loss,-8.45,-21.78,,
2026-02-10,NET,gap_and_go,buy,Gap up +3.1% on 2.2x volume,179.98,203.05,loss,loss,-8.45,-21.78,,
2026-02-11,NET,volume_spike,buy,Volume spike 2.8x (dip in uptrend),189.41,191.0,win,loss,0.69,-16.84,3,
2026-02-20,NET,adjusted_drop,buy,"Market-adjusted drop -8.77% (stock -8.05%, market +0.72%)",177.14,174.84,win,win,21.51,-9.16,8,9
2026-02-20,NET,sector_drop,buy,"Sector-adjusted drop -8.52% (stock -8.05%, XLK +0.48%)",177.14,174.84,win,win,21.51,-9.16,8,9
2026-02-20,NET,confluence,buy,"Confluence (2): adjusted_drop, sector_drop",177.14,174.84,win,win,21.51,-9.16,8,9
2026-03-03,NET,macd,buy,MACD bullish crossover (above SMA20),178.91,179.99,win,win,18.42,-0.8,2,4
2026-03-18,NET,rel_strength,buy,"New 20-day high (+5.2% above prev, 1.5x vol)",225.48,223.0,loss,loss,-13.43,-20.3,,
2026-04-08,NET,sector_drop,buy,"Sector-adjusted drop -5.43% (stock -2.33%, XLK +3.10%)",211.25,211.0,loss,loss,0.46,-22.25,,
2026-04-09,NET,adjusted_drop,buy,"Market-adjusted drop -9.19% (stock -8.62%, market +0.58%)",193.05,193.21,win,win,6.09,-15.09,5,12
2026-04-21,NET,macd,buy,MACD bullish crossover (above SMA20),207.67,209.13,win,win,-10.68,-10.79,9,10
2026-05-05,NET,gap_and_go,buy,Gap up +3.1% on 1.6x volume,244.43,242.44,win,loss,-13.7,-23.38,2,
2026-05-05,NET,rel_strength,buy,"New 20-day high (+10.6% above prev, 1.6x vol)",244.43,242.44,win,loss,-13.7,-23.38,2,
2026-05-05,NET,confluence,buy,"Confluence (2): gap_and_go, rel_strength",244.43,242.44,win,loss,-13.7,-23.38,2,
2026-05-08,NET,adjusted_drop,buy,"Market-adjusted drop -24.45% (stock -23.62%, market +0.83%)",196.13,195.4,win,win,38.6,-4.94,7,10
2026-05-08,NET,sector_drop,buy,"Sector-adjusted drop -27.06% (stock -23.62%, XLK +3.44%)",196.13,195.4,win,win,38.6,-4.94,7,10
2026-01-29,EPD,rel_strength,buy,"New 20-day high (+1.7% above prev, 1.6x vol)",33.08,32.79,win,win,9.29,-1.62,3,11
2026-02-13,EPD,rel_strength,buy,"New 20-day high (+3.9% above prev, 1.7x vol)",36.68,36.43,loss,loss,0.38,-4.3,,
2026-03-06,EPD,macd,buy,MACD bullish crossover (above SMA20),37.04,37.05,win,loss,4.52,-3.25,14,
2026-03-09,EPD,rel_strength,buy,"New 20-day high (+1.2% above prev, 1.4x vol)",36.56,36.18,win,loss,6.49,-0.93,11,
2026-03-25,EPD,macd,buy,MACD bullish crossover (above SMA20),38.45,38.44,loss,loss,-4.26,-5.67,,
2026-03-26,EPD,rel_strength,buy,"New 20-day high (+1.4% above prev, 1.6x vol)",38.55,38.59,loss,loss,-6.31,-7.56,,
2026-03-31,EPD,volume_spike,buy,Volume spike 2.3x (dip in uptrend),37.3,36.77,loss,loss,1.18,-3.0,,
2026-03-31,EPD,adjusted_drop,buy,"Market-adjusted drop -6.08% (stock -3.17%, market +2.91%)",37.3,36.77,loss,loss,1.18,-3.0,,
2026-04-27,EPD,macd,buy,MACD bullish crossover (above SMA20),37.68,37.95,win,loss,3.97,-2.14,15,
2026-04-30,EPD,rel_strength,buy,"New 20-day high (+1.2% above prev, 1.3x vol)",38.7,38.57,loss,loss,2.33,-3.71,,
2026-01-27,DOCU,sector_drop,buy,"Sector-adjusted drop -5.23% (stock -3.88%, XLK +1.35%)",55.42,55.87,loss,loss,-19.78,-25.67,,
2026-02-03,DOCU,adjusted_drop,buy,"Market-adjusted drop -10.56% (stock -11.40%, market -0.85%)",46.07,45.79,win,loss,-5.53,-12.3,1,
2026-02-11,DOCU,adjusted_drop,buy,"Market-adjusted drop -6.86% (stock -6.89%, market -0.02%)",44.34,44.29,win,loss,8.9,-9.32,12,
2026-02-11,DOCU,sector_drop,buy,"Sector-adjusted drop -7.18% (stock -6.89%, XLK +0.29%)",44.34,44.29,win,loss,8.9,-9.32,12,
2026-02-11,DOCU,confluence,buy,"Confluence (2): adjusted_drop, sector_drop",44.34,44.29,win,loss,8.9,-9.32,12,
2026-04-08,DOCU,adjusted_drop,buy,"Market-adjusted drop -6.03% (stock -3.48%, market +2.55%)",45.71,45.26,win,loss,3.67,-6.36,6,
2026-04-08,DOCU,sector_drop,buy,"Sector-adjusted drop -6.58% (stock -3.48%, XLK +3.10%)",45.71,45.26,win,loss,3.67,-6.36,6,
2026-04-08,DOCU,confluence,buy,"Confluence (2): adjusted_drop, sector_drop",45.71,45.26,win,loss,3.67,-6.36,6,
2026-04-20,DOCU,macd,buy,MACD bullish crossover (above SMA20),47.71,47.94,loss,loss,-5.11,-9.03,,
2026-05-06,DOCU,adjusted_drop,buy,"Market-adjusted drop -5.21% (stock -3.82%, market +1.39%)",46.53,47.65,win,loss,4.05,-7.53,9,
2026-05-06,DOCU,sector_drop,buy,"Sector-adjusted drop -6.48% (stock -3.82%, XLK +2.66%)",46.53,47.65,win,loss,4.05,-7.53,9,
2026-05-06,DOCU,confluence,buy,"Confluence (2): adjusted_drop, sector_drop",46.53,47.65,win,loss,4.05,-7.53,9,
2026-01-28,TLRY,adjusted_drop,buy,"Market-adjusted drop -6.76% (stock -6.77%, market -0.01%)",7.85,7.75,win,loss,1.81,-10.06,9,
2026-01-28,TLRY,sector_drop,buy,"Sector-adjusted drop -5.76% (stock -6.77%, XLP -1.01%)",7.85,7.75,win,loss,1.81,-10.06,9,
2026-01-28,TLRY,confluence,buy,"Confluence (2): adjusted_drop, sector_drop",7.85,7.75,win,loss,1.81,-10.06,9,
2026-02-05,TLRY,adjusted_drop,buy,"Market-adjusted drop -5.99% (stock -7.24%, market -1.25%)",7.05,7.2,win,win,9.31,-0.56,1,3
2026-02-05,TLRY,sector_drop,buy,"Sector-adjusted drop -7.16% (stock -7.24%, XLP -0.08%)",7.05,7.2,win,win,9.31,-0.56,1,3
2026-02-05,TLRY,confluence,buy,"Confluence (2): adjusted_drop, sector_drop",7.05,7.2,win,win,9.31,-0.56,1,3
2026-04-22,TLRY,rel_strength,buy,"New 20-day high (+12.9% above prev, 9.2x vol)",7.87,9.3,loss,loss,-41.29,-43.23,,
2026-04-23,TLRY,volume_spike,buy,Volume spike 9.3x (dip in uptrend),6.94,6.87,loss,loss,-19.94,-23.14,,
2026-04-23,TLRY,gap_and_go,buy,Gap up +18.2% on 9.3x volume,6.94,6.87,loss,loss,-19.94,-23.14,,
2026-04-23,TLRY,adjusted_drop,buy,"Market-adjusted drop -11.43% (stock -11.82%, market -0.39%)",6.94,6.87,loss,loss,-19.94,-23.14,,
2026-04-23,TLRY,sector_drop,buy,"Sector-adjusted drop -13.49% (stock -11.82%, XLP +1.67%)",6.94,6.87,loss,loss,-19.94,-23.14,,
2026-04-23,TLRY,confluence,buy,"Confluence (3): gap_and_go, adjusted_drop, sector_drop",6.94,6.87,loss,loss,-19.94,-23.14,,
2026-02-05,EL,adjusted_drop,buy,"Market-adjusted drop -17.94% (stock -19.19%, market -1.25%)",95.99,97.05,win,win,12.36,-0.71,1,5
2026-02-05,EL,sector_drop,buy,"Sector-adjusted drop -17.03% (stock -19.19%, XLY -2.16%)",95.99,97.05,win,win,12.36,-0.71,1,5
2026-02-05,EL,confluence,buy,"Confluence (2): adjusted_drop, sector_drop",95.99,97.05,win,win,12.36,-0.71,1,5
2026-02-19,EL,macd,buy,MACD bullish crossover (above SMA20),110.96,110.46,win,loss,-23.98,-24.14,3,
2026-03-02,EL,adjusted_drop,buy,"Market-adjusted drop -8.53% (stock -8.48%, market +0.06%)",99.8,96.79,win,loss,-18.39,-19.71,2,
2026-03-02,EL,sector_drop,buy,"Sector-adjusted drop -7.24% (stock -8.48%, XLY -1.23%)",99.8,96.79,win,loss,-18.39,-19.71,2,
2026-03-02,EL,confluence,buy,"Confluence (2): adjusted_drop, sector_drop",99.8,96.79,win,loss,-18.39,-19.71,2,
2026-05-01,EL,gap_and_go,buy,Gap up +12.1% on 1.8x volume,78.99,78.37,win,win,12.27,-4.33,1,3
2026-05-01,EL,rel_strength,buy,"New 20-day high (+9.6% above prev, 1.8x vol)",78.99,78.37,win,win,12.27,-4.33,1,3
2026-05-01,EL,confluence,buy,"Confluence (2): gap_and_go, rel_strength",78.99,78.37,win,win,12.27,-4.33,1,3
2026-01-30,BROS,adjusted_drop,buy,"Market-adjusted drop -5.06% (stock -5.36%, market -0.30%)",54.39,54.05,win,win,-12.53,-13.54,5,10
2026-01-30,BROS,sector_drop,buy,"Sector-adjusted drop -5.34% (stock -5.36%, XLY -0.02%)",54.39,54.05,win,win,-12.53,-13.54,5,10
2026-01-30,BROS,confluence,buy,"Confluence (2): adjusted_drop, sector_drop",54.39,54.05,win,win,-12.53,-13.54,5,10
2026-02-13,BROS,gap_and_go,buy,Gap up +17.1% on 3.4x volume,53.2,54.14,loss,loss,-3.12,-14.07,,
2026-02-17,BROS,earnings_drift,buy,"Post-catalyst drift: gap +17.1%, move +0.8%",53.61,54.27,loss,loss,-3.8,-14.28,,
2026-02-19,BROS,adjusted_drop,buy,"Market-adjusted drop -6.64% (stock -6.91%, market -0.26%)",49.73,49.38,win,win,-2.45,-5.79,5,7
2026-02-19,BROS,sector_drop,buy,"Sector-adjusted drop -6.24% (stock -6.91%, XLY -0.67%)",49.73,49.38,win,win,-2.45,-5.79,5,7
2026-02-19,BROS,confluence,buy,"Confluence (2): adjusted_drop, sector_drop",49.73,49.38,win,win,-2.45,-5.79,5,7
2026-02-26,BROS,macd,buy,MACD bullish crossover (above SMA20),53.91,52.27,win,loss,-2.56,-9.93,5,
2026-03-17,BROS,macd,buy,MACD bullish crossover (above SMA20),51.29,50.95,win,win,8.93,-12.5,5,15
2026-04-13,BROS,adjusted_drop,buy,"Market-adjusted drop -6.38% (stock -5.40%, market +0.98%)",52.86,53.15,win,win,6.94,-5.44,6,10
2026-04-13,BROS,sector_drop,buy,"Sector-adjusted drop -6.32% (stock -5.40%, XLY +0.91%)",52.86,53.15,win,win,6.94,-5.44,6,10
2026-04-13,BROS,confluence,buy,"Confluence (2): adjusted_drop, sector_drop",52.86,53.15,win,win,6.94,-5.44,6,10
2026-05-06,BROS,rel_strength,buy,"New 20-day high (+1.9% above prev, 2.4x vol)",59.06,54.0,win,loss,4.74,-10.52,15,
2026-05-07,BROS,adjusted_drop,buy,"Market-adjusted drop -9.04% (stock -9.35%, market -0.31%)",53.54,54.23,win,loss,6.95,-10.9,15,
2026-05-07,BROS,sector_drop,buy,"Sector-adjusted drop -9.35% (stock -9.35%, XLY +0.01%)",53.54,54.23,win,loss,6.95,-10.9,15,
2026-05-07,BROS,confluence,buy,"Confluence (2): adjusted_drop, sector_drop",53.54,54.23,win,loss,6.95,-10.9,15,
2026-04-21,DHR,volume_spike,buy,Volume spike 2.1x (dip in uptrend),194.54,193.95,loss,loss,-14.28,-14.8,,
2026-01-30,WOLF,adjusted_drop,buy,"Market-adjusted drop -9.34% (stock -9.64%, market -0.30%)",15.66,15.51,win,win,19.08,-13.06,1,2
2026-01-30,WOLF,sector_drop,buy,"Sector-adjusted drop -9.45% (stock -9.64%, XLU -0.18%)",15.66,15.51,win,win,19.08,-13.06,1,2
2026-01-30,WOLF,confluence,buy,"Confluence (2): adjusted_drop, sector_drop",15.66,15.51,win,win,19.08,-13.06,1,2
2026-02-09,WOLF,adjusted_drop,buy,"Market-adjusted drop -5.88% (stock -5.40%, market +0.48%)",14.89,15.05,win,win,38.54,-1.86,1,2
2026-02-09,WOLF,sector_drop,buy,"Sector-adjusted drop -5.70% (stock -5.40%, XLU +0.30%)",14.89,15.05,win,win,38.54,-1.86,1,2
2026-02-09,WOLF,confluence,buy,"Confluence (2): adjusted_drop, sector_drop",14.89,15.05,win,win,38.54,-1.86,1,2
2026-02-13,WOLF,macd,buy,MACD bullish crossover (above SMA20),17.74,17.27,win,win,2.84,-8.33,1,1
2026-03-05,WOLF,adjusted_drop,buy,"Market-adjusted drop -7.46% (stock -8.01%, market -0.56%)",18.94,18.5,loss,loss,-9.08,-15.46,,
2026-03-05,WOLF,sector_drop,buy,"Sector-adjusted drop -7.23% (stock -8.01%, XLU -0.78%)",18.94,18.5,loss,loss,-9.08,-15.46,,
2026-03-05,WOLF,confluence,buy,"Confluence (2): adjusted_drop, sector_drop",18.94,18.5,loss,loss,-9.08,-15.46,,
2026-03-26,WOLF,adjusted_drop,buy,"Market-adjusted drop -7.30% (stock -9.08%, market -1.79%)",16.82,16.5,win,win,54.91,-11.64,5,6
2026-03-26,WOLF,sector_drop,buy,"Sector-adjusted drop -9.26% (stock -9.08%, XLU +0.18%)",16.82,16.5,win,win,54.91,-11.64,5,6
2026-03-26,WOLF,confluence,buy,"Confluence (2): adjusted_drop, sector_drop",16.82,16.5,win,win,54.91,-11.64,5,6
2026-04-02,WOLF,macd,buy,MACD bullish crossover (above SMA20),17.47,17.5,win,win,78.46,0,1,3
2026-04-08,WOLF,gap_and_go,buy,Gap up +5.1% on 1.9x volume,20.56,20.96,win,win,22.28,-2.05,1,1
2026-04-08,WOLF,rel_strength,buy,"New 20-day high (+9.7% above prev, 1.9x vol)",20.56,20.96,win,win,22.28,-2.05,1,1
2026-04-08,WOLF,confluence,buy,"Confluence (2): gap_and_go, rel_strength",20.56,20.96,win,win,22.28,-2.05,1,1
2026-04-10,WOLF,volume_spike,buy,Volume spike 2.2x (dip in uptrend),23.22,23.48,win,win,56.56,-8.43,1,4
2026-04-14,WOLF,adjusted_drop,buy,"Market-adjusted drop -5.98% (stock -4.76%, market +1.22%)",23.0,22.61,win,win,62.01,-4.91,1,2
2026-04-16,WOLF,rel_strength,buy,"New 20-day high (+8.4% above prev, 2.2x vol)",26.54,26.5,win,win,70.42,-6.98,2,3
2026-04-21,WOLF,volume_spike,buy,Volume spike 5.3x (dip in uptrend),24.7,26.49,win,win,102.79,-5.32,1,1
2026-04-22,WOLF,gap_and_go,buy,Gap up +7.2% on 3.9x volume,27.75,27.85,win,win,124.78,-9.95,1,2
2026-04-24,WOLF,rel_strength,buy,"New 20-day high (+8.3% above prev, 2.9x vol)",31.23,32.17,win,win,93.13,-22.04,5,5
2026-04-27,WOLF,adjusted_drop,buy,"Market-adjusted drop -5.17% (stock -5.00%, market +0.17%)",29.67,27.9,win,win,112.72,-10.11,3,4
2026-04-27,WOLF,sector_drop,buy,"Sector-adjusted drop -5.02% (stock -5.00%, XLU +0.02%)",29.67,27.9,win,win,112.72,-10.11,3,4
2026-04-27,WOLF,confluence,buy,"Confluence (2): adjusted_drop, sector_drop",29.67,27.9,win,win,112.72,-10.11,3,4
2026-04-30,WOLF,gap_and_go,buy,Gap up +3.0% on 1.7x volume,29.53,29.4,win,win,136.39,-1.5,1,1
2026-05-05,WOLF,volume_spike,buy,Volume spike 2.4x (dip in uptrend),36.63,32.5,win,win,94.65,-1.54,1,1
2026-05-05,WOLF,rel_strength,buy,"New 20-day high (+6.8% above prev, 2.4x vol)",36.63,32.5,win,win,94.65,-1.54,1,1
2026-01-28,EVGO,rel_strength,buy,"New 20-day high (+3.4% above prev, 1.7x vol)",3.33,3.32,loss,loss,-15.06,-19.58,,
2026-01-29,EVGO,volume_spike,buy,Volume spike 2.1x (dip in uptrend),3.14,3.12,win,loss,-10.26,-14.42,6,
2026-01-29,EVGO,adjusted_drop,buy,"Market-adjusted drop -5.51% (stock -5.71%, market -0.20%)",3.14,3.12,win,loss,-10.26,-14.42,6,
2026-01-29,EVGO,sector_drop,buy,"Sector-adjusted drop -5.71% (stock -5.71%, XLU +0.00%)",3.14,3.12,win,loss,-10.26,-14.42,6,
2026-01-29,EVGO,confluence,buy,"Confluence (2): adjusted_drop, sector_drop",3.14,3.12,win,loss,-10.26,-14.42,6,
2026-02-06,EVGO,macd,buy,MACD bullish crossover (above SMA20),3.23,3.22,loss,loss,-12.11,-17.24,,
2026-02-10,EVGO,sector_drop,buy,"Sector-adjusted drop -6.29% (stock -4.63%, XLU +1.66%)",3.09,3.07,loss,loss,-18.08,-21.5,,
2026-02-17,EVGO,adjusted_drop,buy,"Market-adjusted drop -8.04% (stock -7.88%, market +0.16%)",2.69,2.73,win,win,-19.78,-24.91,1,10
2026-04-27,EVGO,adjusted_drop,buy,"Market-adjusted drop -6.34% (stock -6.17%, market +0.17%)",2.13,2.12,win,loss,-9.43,-12.74,6,
2026-04-27,EVGO,sector_drop,buy,"Sector-adjusted drop -6.19% (stock -6.17%, XLU +0.02%)",2.13,2.12,win,loss,-9.43,-12.74,6,
2026-04-27,EVGO,confluence,buy,"Confluence (2): adjusted_drop, sector_drop",2.13,2.12,win,loss,-9.43,-12.74,6,
2026-05-06,EVGO,adjusted_drop,buy,"Market-adjusted drop -9.01% (stock -7.62%, market +1.39%)",1.94,1.91,win,win,13.09,-6.81,2,3
2026-05-06,EVGO,sector_drop,buy,"Sector-adjusted drop -6.20% (stock -7.62%, XLU -1.42%)",1.94,1.91,win,win,13.09,-6.81,2,3
2026-05-06,EVGO,confluence,buy,"Confluence (2): adjusted_drop, sector_drop",1.94,1.91,win,win,13.09,-6.81,2,3
2026-02-10,PENN,macd,buy,MACD bullish crossover (above SMA20),13.88,13.87,win,win,10.09,-16.01,11,12
2026-02-12,PENN,adjusted_drop,buy,"Market-adjusted drop -5.57% (stock -7.11%, market -1.54%)",12.41,12.34,win,win,18.64,-5.59,3,9
2026-02-12,PENN,sector_drop,buy,"Sector-adjusted drop -5.73% (stock -7.11%, XLY -1.38%)",12.41,12.34,win,win,18.64,-5.59,3,9
2026-02-12,PENN,confluence,buy,"Confluence (2): adjusted_drop, sector_drop",12.41,12.34,win,win,18.64,-5.59,3,9
2026-02-19,PENN,macd,buy,MACD bullish crossover (above SMA20),13.33,13.18,win,win,10.24,-9.79,5,5
2026-02-26,PENN,gap_and_go,buy,Gap up +7.7% on 3.3x volume,14.64,14.56,win,loss,-2.75,-6.59,1,
2026-02-26,PENN,rel_strength,buy,"New 20-day high (+5.0% above prev, 3.3x vol)",14.64,14.56,win,loss,-2.75,-6.59,1,
2026-02-26,PENN,confluence,buy,"Confluence (2): gap_and_go, rel_strength",14.64,14.56,win,loss,-2.75,-6.59,1,
2026-02-27,PENN,earnings_drift,buy,"Post-catalyst drift: gap +7.7%, move +6.8%",15.64,15.39,loss,loss,-11.18,-11.7,,
2026-03-02,PENN,adjusted_drop,buy,"Market-adjusted drop -5.11% (stock -5.05%, market +0.06%)",14.85,14.87,win,loss,-2.89,-8.61,3,
2026-04-01,PENN,macd,buy,MACD bullish crossover (above SMA20),15.0,14.73,win,win,17.18,-3.87,4,9
2026-04-22,PENN,adjusted_drop,buy,"Market-adjusted drop -5.54% (stock -4.52%, market +1.01%)",14.77,15.5,win,win,2.13,-2.19,1,1
2026-04-23,PENN,macd,buy,MACD bullish crossover (above SMA20),17.26,17.23,win,loss,-8.13,-10.04,3,
2026-04-23,PENN,gap_and_go,buy,Gap up +4.9% on 3.2x volume,17.26,17.23,win,loss,-8.13,-10.04,3,
2026-04-23,PENN,rel_strength,buy,"New 20-day high (+4.8% above prev, 3.2x vol)",17.26,17.23,win,loss,-8.13,-10.04,3,
2026-04-23,PENN,confluence,buy,"Confluence (2): gap_and_go, rel_strength",17.26,17.23,win,loss,-8.13,-10.04,3,
2026-05-11,PENN,adjusted_drop,buy,"Market-adjusted drop -5.01% (stock -4.78%, market +0.23%)",15.94,15.94,win,win,26.16,-2.76,5,11
2026-01-29,LVS,adjusted_drop,buy,"Market-adjusted drop -13.76% (stock -13.96%, market -0.20%)",52.13,51.63,win,win,11.71,-0.06,2,4
2026-01-29,LVS,sector_drop,buy,"Sector-adjusted drop -13.48% (stock -13.96%, XLY -0.48%)",52.13,51.63,win,win,11.71,-0.06,2,4
2026-01-29,LVS,confluence,buy,"Confluence (2): adjusted_drop, sector_drop",52.13,51.63,win,win,11.71,-0.06,2,4
2026-03-31,LVS,macd,buy,MACD bullish crossover (above SMA20),53.57,53.87,win,loss,4.93,-2.55,12,
2026-04-23,LVS,adjusted_drop,buy,"Market-adjusted drop -8.23% (stock -8.62%, market -0.39%)",51.65,51.97,win,loss,-2.54,-2.71,11,
2026-04-23,LVS,sector_drop,buy,"Sector-adjusted drop -7.62% (stock -8.62%, XLY -1.00%)",51.65,51.97,win,loss,-2.54,-2.71,11,
2026-04-23,LVS,confluence,buy,"Confluence (2): adjusted_drop, sector_drop",51.65,51.97,win,loss,-2.54,-2.71,11,
2026-02-11,HD,macd,buy,MACD bullish crossover (above SMA20),388.09,390.94,loss,loss,-8.1,-8.73,,
2026-01-30,SEDG,adjusted_drop,buy,"Market-adjusted drop -8.78% (stock -9.08%, market -0.30%)",30.95,30.99,win,win,27.07,-5.03,3,3
2026-01-30,SEDG,sector_drop,buy,"Sector-adjusted drop -8.89% (stock -9.08%, XLU -0.18%)",30.95,30.99,win,win,27.07,-5.03,3,3
2026-01-30,SEDG,confluence,buy,"Confluence (2): adjusted_drop, sector_drop",30.95,30.99,win,win,27.07,-5.03,3,3
2026-02-04,SEDG,gap_and_go,buy,Gap up +10.4% on 3.0x volume,35.04,33.79,win,win,19.54,-5.25,2,4
2026-02-04,SEDG,rel_strength,buy,"New 20-day high (+1.4% above prev, 3.0x vol)",35.04,33.79,win,win,19.54,-5.25,2,4
2026-02-09,SEDG,macd,buy,MACD bullish crossover (above SMA20),36.8,36.65,win,win,3.17,-12.22,6,10
2026-02-12,SEDG,sector_drop,buy,"Sector-adjusted drop -6.77% (stock -5.28%, XLU +1.48%)",34.41,34.92,win,win,-4.32,-7.88,2,3
2026-02-18,SEDG,volume_spike,buy,Volume spike 3.7x (dip in uptrend),35.1,33.8,win,win,6.77,-6.81,2,2
2026-02-18,SEDG,gap_and_go,buy,Gap up +8.4% on 3.7x volume,35.1,33.8,win,win,6.77,-6.81,2,2
2026-02-18,SEDG,rel_strength,buy,"New 20-day high (+6.5% above prev, 3.7x vol)",35.1,33.8,win,win,6.77,-6.81,2,2
2026-02-18,SEDG,adjusted_drop,buy,"Market-adjusted drop -5.97% (stock -5.47%, market +0.50%)",35.1,33.8,win,win,6.77,-6.81,2,2
2026-02-18,SEDG,confluence,buy,"Confluence (3): gap_and_go, rel_strength, adjusted_drop",35.1,33.8,win,win,6.77,-6.81,2,2
2026-02-20,SEDG,macd,buy,MACD bullish crossover (above SMA20),37.9,37.3,win,win,0.38,-15.55,1,2
2026-02-27,SEDG,adjusted_drop,buy,"Market-adjusted drop -11.90% (stock -12.38%, market -0.48%)",35.4,35.5,win,win,45.72,-11.27,1,1
2026-02-27,SEDG,sector_drop,buy,"Sector-adjusted drop -13.54% (stock -12.38%, XLU +1.17%)",35.4,35.5,win,win,45.72,-11.27,1,1
2026-02-27,SEDG,confluence,buy,"Confluence (2): adjusted_drop, sector_drop",35.4,35.5,win,win,45.72,-11.27,1,1
2026-03-11,SEDG,adjusted_drop,buy,"Market-adjusted drop -5.17% (stock -5.30%, market -0.13%)",36.09,35.43,win,win,46.4,-1.83,2,3
2026-03-17,SEDG,macd,buy,MACD bullish crossover (above SMA20),42.88,42.5,win,win,2.4,-0.87,1,3
2026-03-20,SEDG,gap_and_go,buy,Gap up +4.0% on 2.7x volume,51.73,50.73,win,loss,-14.82,-20.36,8,
2026-03-20,SEDG,rel_strength,buy,"New 20-day high (+14.2% above prev, 2.7x vol)",51.73,50.73,win,loss,-14.82,-20.36,8,
2026-03-20,SEDG,confluence,buy,"Confluence (2): gap_and_go, rel_strength",51.73,50.73,win,loss,-14.82,-20.36,8,
2026-03-23,SEDG,adjusted_drop,buy,"Market-adjusted drop -10.72% (stock -9.67%, market +1.05%)",46.73,46.26,win,win,-7.09,-12.67,1,2
2026-03-23,SEDG,sector_drop,buy,"Sector-adjusted drop -10.66% (stock -9.67%, XLU +0.99%)",46.73,46.26,win,win,-7.09,-12.67,1,2
2026-04-02,SEDG,adjusted_drop,buy,"Market-adjusted drop -6.11% (stock -6.02%, market +0.09%)",48.75,48.8,loss,loss,-6.09,-26.09,,
2026-04-02,SEDG,sector_drop,buy,"Sector-adjusted drop -6.51% (stock -6.02%, XLU +0.50%)",48.75,48.8,loss,loss,-6.09,-26.09,,
2026-04-02,SEDG,confluence,buy,"Confluence (2): adjusted_drop, sector_drop",48.75,48.8,loss,loss,-6.09,-26.09,,
2026-04-15,SEDG,adjusted_drop,buy,"Market-adjusted drop -12.77% (stock -11.98%, market +0.79%)",37.83,38.51,win,win,5.45,-6.34,4,4
2026-04-15,SEDG,sector_drop,buy,"Sector-adjusted drop -11.01% (stock -11.98%, XLU -0.97%)",37.83,38.51,win,win,5.45,-6.34,4,4
2026-04-15,SEDG,confluence,buy,"Confluence (2): adjusted_drop, sector_drop",37.83,38.51,win,win,5.45,-6.34,4,4
2026-04-24,SEDG,macd,buy,MACD bullish crossover (above SMA20),45.83,45.94,win,win,34.45,-18.25,1,15
2026-04-28,SEDG,adjusted_drop,buy,"Market-adjusted drop -6.04% (stock -6.52%, market -0.49%)",44.29,44.0,win,win,23.93,-14.66,12,12
2026-04-28,SEDG,sector_drop,buy,"Sector-adjusted drop -6.65% (stock -6.52%, XLU +0.13%)",44.29,44.0,win,win,23.93,-14.66,12,12
2026-04-28,SEDG,confluence,buy,"Confluence (2): adjusted_drop, sector_drop",44.29,44.0,win,win,23.93,-14.66,12,12
2026-05-06,SEDG,adjusted_drop,buy,"Market-adjusted drop -10.42% (stock -9.03%, market +1.39%)",40.61,40.82,win,win,79.3,-8.01,5,6
2026-05-06,SEDG,sector_drop,buy,"Sector-adjusted drop -7.60% (stock -9.03%, XLU -1.42%)",40.61,40.82,win,win,79.3,-8.01,5,6
2026-05-06,SEDG,confluence,buy,"Confluence (2): adjusted_drop, sector_drop",40.61,40.82,win,win,79.3,-8.01,5,6
2026-01-27,GFS,gap_and_go,buy,Gap up +4.3% on 1.6x volume,47.41,47.9,win,loss,-2.82,-18.2,12,
2026-01-27,GFS,rel_strength,buy,"New 20-day high (+4.1% above prev, 1.6x vol)",47.41,47.9,win,loss,-2.82,-18.2,12,
2026-01-27,GFS,confluence,buy,"Confluence (2): gap_and_go, rel_strength",47.41,47.9,win,loss,-2.82,-18.2,12,
2026-02-11,GFS,macd,buy,MACD bullish crossover (above SMA20),48.74,49.24,loss,loss,-1.84,-8.2,,
2026-02-11,GFS,gap_and_go,buy,Gap up +4.3% on 1.8x volume,48.74,49.24,loss,loss,-1.84,-8.2,,
2026-02-12,GFS,rel_strength,buy,"New 20-day high (+4.3% above prev, 1.7x vol)",48.7,47.96,loss,loss,-2.25,-5.75,,
2026-02-24,GFS,macd,buy,MACD bullish crossover (above SMA20),47.62,47.7,win,loss,-9.33,-14.06,7,
2026-03-11,GFS,adjusted_drop,buy,"Market-adjusted drop -5.32% (stock -5.45%, market -0.13%)",44.09,42.37,win,win,4.41,-4.32,4,9
2026-03-11,GFS,sector_drop,buy,"Sector-adjusted drop -5.93% (stock -5.45%, XLK +0.48%)",44.09,42.37,win,win,4.41,-4.32,4,9
2026-03-11,GFS,confluence,buy,"Confluence (2): adjusted_drop, sector_drop",44.09,42.37,win,win,4.41,-4.32,4,9
2026-03-25,GFS,macd,buy,MACD bullish crossover (above SMA20),46.74,45.99,win,win,9.57,-11.85,10,15
2026-04-08,GFS,macd,buy,MACD bullish crossover (above SMA20),47.8,47.6,win,win,31.81,-1.01,2,7
2026-04-17,GFS,gap_and_go,buy,Gap up +3.3% on 1.6x volume,54.75,58.44,win,win,26.83,-3.06,4,5
2026-04-17,GFS,rel_strength,buy,"New 20-day high (+7.8% above prev, 1.6x vol)",54.75,58.44,win,win,26.83,-3.06,4,5
2026-04-17,GFS,confluence,buy,"Confluence (2): gap_and_go, rel_strength",54.75,58.44,win,win,26.83,-3.06,4,5
2026-05-04,GFS,gap_and_go,buy,Gap up +6.1% on 1.6x volume,67.75,70.0,win,win,28.51,-6.41,1,13
2026-05-04,GFS,rel_strength,buy,"New 20-day high (+6.5% above prev, 1.6x vol)",67.75,70.0,win,win,28.51,-6.41,1,13
2026-05-04,GFS,confluence,buy,"Confluence (2): gap_and_go, rel_strength",67.75,70.0,win,win,28.51,-6.41,1,13
2026-05-06,GFS,sector_drop,buy,"Sector-adjusted drop -5.01% (stock -2.35%, XLK +2.66%)",72.3,72.14,win,win,11.76,-9.2,1,11
2026-05-07,GFS,volume_spike,buy,Volume spike 2.1x (dip in uptrend),70.93,71.99,win,win,11.08,-9.0,2,10
2026-06-01,RDW,sector_drop,buy,"Sector-adjusted drop -15.41% (stock -15.83%, XLI -0.42%)",20.68,20.98,win,pending,-1.91,-3.24,1,
2026-06-01,IBM,volume_spike,buy,Volume spike 3.6x (dip in uptrend),320.42,313.75,win,pending,4.93,-1.16,1,
2026-06-01,IBM,gap_and_go,buy,Gap up +8.3% on 3.6x volume,320.42,313.75,win,pending,4.93,-1.16,1,
2026-06-01,IBM,rel_strength,buy,"New 20-day high (+9.0% above prev, 3.6x vol)",320.42,313.75,win,pending,4.93,-1.16,1,
2026-06-01,IBM,confluence,buy,"Confluence (2 strong signals): gap_and_go, rel_strength",320.42,313.75,win,pending,4.93,-1.16,1,
2026-06-01,ENPH,adjusted_drop,buy,"Market-adjusted drop -7.03% (stock -6.76%, market +0.27%)",63.74,63.59,win,win,13.74,-1.05,1,1
2026-06-01,ARM,gap_and_go,buy,Gap up +10.4% on 1.7x volume,408.85,401.13,win,pending,0.39,-3.3,1,
2026-06-01,ARM,rel_strength,buy,"New 20-day high (+18.3% above prev, 1.7x vol)",408.85,401.13,win,pending,0.39,-3.3,1,
2026-05-29,SNOW,earnings_drift,buy,"Post-catalyst drift: catalyst gap +35.2%, day-2 move +6.8%",255.55,259.97,win,pending,0.45,-1.97,1,
2026-05-29,SMCI,gap_and_go,buy,Gap up +7.7% on 2.2x volume,46.09,45.8,win,win,9.54,-0.31,2,2
2026-05-29,PANW,rel_strength,buy,"New 20-day high (+8.5% above prev, 1.9x vol)",281.69,285.43,win,pending,4.12,-0.57,1,
2026-05-29,ORCL,macd,buy,MACD bullish crossover (above SMA20),225.78,230.5,win,pending,6.11,-2.56,1,
2026-05-29,ORCL,rel_strength,buy,"New 20-day high (+10.4% above prev, 2.0x vol)",225.78,230.5,win,pending,6.11,-2.56,1,
2026-05-29,FTNT,rel_strength,buy,"New 20-day high (+2.4% above prev, 1.5x vol)",137.97,141.16,win,pending,5.45,-0.64,2,
2026-05-29,FCEL,adjusted_drop,buy,"Market-adjusted drop -11.44% (stock -11.19%, market +0.25%)",21.66,21.24,win,win,16.01,-4.8,2,2
2026-05-29,FCEL,sector_drop,buy,"Sector-adjusted drop -10.72% (stock -11.19%, XLU -0.47%)",21.66,21.24,win,win,16.01,-4.8,2,2
2026-05-29,FCEL,confluence,buy,"Confluence (2 strong signals): adjusted_drop, sector_drop",21.66,21.24,win,win,16.01,-4.8,2,2
2026-05-29,DOCU,rel_strength,buy,"New 20-day high (+3.8% above prev, 1.9x vol)",52.52,54.4,win,pending,1.29,-2.35,1,
2026-05-29,DDOG,rel_strength,buy,"New 20-day high (+6.3% above prev, 1.3x vol)",247.35,251.77,win,win,6.89,-0.93,1,1
2026-05-29,CRM,rel_strength,buy,"New 20-day high (+2.0% above prev, 2.6x vol)",191.1,198.75,win,pending,1.05,-1.5,1,
2026-05-29,BBAI,volume_spike,buy,Volume spike 2.4x (dip in uptrend),5.04,5.17,win,pending,-1.16,-3.09,1,
2026-05-29,AVGO,rel_strength,buy,"New 20-day high (+1.5% above prev, 2.3x vol)",446.77,450.09,win,pending,6.99,-1.75,2,
2026-05-29,ASTS,adjusted_drop,buy,"Market-adjusted drop -15.04% (stock -14.79%, market +0.25%)",113.41,108.67,win,pending,8.74,-6.86,2,
2026-05-29,APLD,adjusted_drop,buy,"Market-adjusted drop -5.02% (stock -4.77%, market +0.25%)",47.28,47.01,win,pending,1.8,-4.26,1,
2026-05-28,XPEV,rel_strength,buy,"New 20-day high (+1.5% above prev, 1.6x vol)",16.44,16.4,win,win,9.09,-2.32,2,3
2026-05-28,U,macd,buy,MACD bullish crossover (above SMA20),29.94,30.04,win,pending,2.43,-2.0,2,
2026-05-28,TSM,macd,buy,MACD bullish crossover (above SMA20),424.86,427.07,win,pending,4.59,-2.3,2,
2026-05-28,SNOW,gap_and_go,buy,Gap up +35.2% on 4.9x volume,239.2,240.69,win,win,8.5,-0.49,1,2
2026-05-28,SNOW,rel_strength,buy,"New 20-day high (+35.1% above prev, 4.9x vol)",239.2,240.69,win,win,8.5,-0.49,1,2
2026-05-28,SNOW,confluence,buy,"Confluence (2 strong signals): gap_and_go, rel_strength",239.2,240.69,win,win,8.5,-0.49,1,2
2026-05-28,SMR,macd,buy,MACD bullish crossover (above SMA20),12.19,12.17,win,win,14.63,-4.35,1,2
2026-05-28,SMCI,rel_strength,buy,"New 20-day high (+12.2% above prev, 1.9x vol)",41.3,44.5,win,win,12.74,-0.74,1,3
2026-05-28,PATH,rel_strength,buy,"New 20-day high (+5.5% above prev, 2.5x vol)",11.58,10.7,win,win,13.83,-2.62,1,1
2026-05-28,OPEN,macd,buy,MACD bullish crossover (above SMA20),5.07,5.07,win,win,6.71,-3.55,2,3
2026-05-28,NVAX,adjusted_drop,buy,"Market-adjusted drop -7.49% (stock -6.94%, market +0.55%)",10.32,10.26,win,pending,-0.49,-4.39,1,
2026-05-28,NVAX,sector_drop,buy,"Sector-adjusted drop -8.35% (stock -6.94%, XLV +1.40%)",10.32,10.26,win,pending,-0.49,-4.39,1,
2026-05-28,NVAX,confluence,buy,"Confluence (2 strong signals): adjusted_drop, sector_drop",10.32,10.26,win,pending,-0.49,-4.39,1,
2026-05-28,LYFT,macd,buy,MACD bullish crossover (above SMA20),13.82,13.83,win,win,2.02,-0.8,2,2
2026-05-28,IREN,adjusted_drop,buy,"Market-adjusted drop -6.14% (stock -5.59%, market +0.55%)",64.05,64.7,win,pending,2.94,-6.86,3,
2026-05-28,HOOD,macd,buy,MACD bullish crossover (above SMA20),84.84,85.66,win,win,2.92,-1.66,1,1
2026-05-28,HOOD,rel_strength,buy,"New 20-day high (+3.6% above prev, 1.8x vol)",84.84,85.66,win,win,2.92,-1.66,1,1
2026-05-28,BBAI,macd,buy,MACD bullish crossover (above SMA20),4.94,5.08,win,pending,0.59,-7.28,2,
2026-05-28,AI,rel_strength,buy,"New 20-day high (+4.6% above prev, 1.4x vol)",10.22,10.45,win,win,6.93,-1.87,1,2
2026-05-27,WOLF,adjusted_drop,buy,"Market-adjusted drop -13.91% (stock -13.93%, market -0.02%)",63.26,62.45,win,win,-2.23,-20.48,1,1
2026-05-27,WOLF,sector_drop,buy,"Sector-adjusted drop -13.51% (stock -13.93%, XLU -0.42%)",63.26,62.45,win,win,-2.23,-20.48,1,1
2026-05-27,WOLF,confluence,buy,"Confluence (2 strong signals): adjusted_drop, sector_drop",63.26,62.45,win,win,-2.23,-20.48,1,1
2026-05-27,UPST,macd,buy,MACD bullish crossover (above SMA20),30.72,30.14,win,win,7.47,-0.7,1,2
2026-05-27,UAL,gap_and_go,buy,Gap up +3.2% on 1.9x volume,112.62,109.83,win,pending,-0.92,-0.99,1,
2026-05-27,UAL,rel_strength,buy,"New 20-day high (+7.2% above prev, 1.9x vol)",112.62,109.83,win,pending,-0.92,-0.99,1,
2026-05-27,UAL,confluence,buy,"Confluence (2 strong signals): gap_and_go, rel_strength",112.62,109.83,win,pending,-0.92,-0.99,1,
2026-05-27,RDW,volume_spike,buy,Volume spike 2.9x (dip in uptrend),24.0,22.94,win,win,-10.29,-11.51,1,1
2026-05-27,QCOM,adjusted_drop,buy,"Market-adjusted drop -6.18% (stock -6.20%, market -0.02%)",233.4,236.0,win,win,2.05,-4.22,1,2
2026-05-27,QCOM,sector_drop,buy,"Sector-adjusted drop -5.81% (stock -6.20%, XLK -0.38%)",233.4,236.0,win,win,2.05,-4.22,1,2
2026-05-27,QCOM,confluence,buy,"Confluence (2 strong signals): adjusted_drop, sector_drop",233.4,236.0,win,win,2.05,-4.22,1,2
2026-05-27,PENN,rel_strength,buy,"New 20-day high (+4.7% above prev, 2.1x vol)",19.09,18.85,win,pending,6.68,-0.74,3,
2026-05-27,MRVL,volume_spike,buy,Volume spike 2.2x (dip in uptrend),198.7,198.75,win,win,46.31,-2.04,2,3
2026-05-27,MGM,gap_and_go,buy,Gap up +4.9% on 2.0x volume,41.95,41.93,win,win,15.34,-1.79,2,3
2026-05-27,MGM,rel_strength,buy,"New 20-day high (+4.7% above prev, 2.0x vol)",41.95,41.93,win,win,15.34,-1.79,2,3
2026-05-27,MGM,confluence,buy,"Confluence (2 strong signals): gap_and_go, rel_strength",41.95,41.93,win,win,15.34,-1.79,2,3
2026-05-27,LUNR,earnings_drift,buy,"Post-catalyst drift: catalyst gap +10.4%, day-2 move +15.7%",40.34,40.88,win,win,-3.2,-7.53,1,1
2026-05-27,GFS,adjusted_drop,buy,"Market-adjusted drop -9.82% (stock -9.84%, market -0.02%)",81.11,81.13,win,pending,4.28,-5.9,4,
2026-05-27,GFS,sector_drop,buy,"Sector-adjusted drop -9.45% (stock -9.84%, XLK -0.38%)",81.11,81.13,win,pending,4.28,-5.9,4,
2026-05-27,EVGO,macd,buy,MACD bullish crossover (above SMA20),2.06,2.05,win,win,16.1,-1.46,1,2
2026-05-27,CLF,rel_strength,buy,"New 20-day high (+8.5% above prev, 2.2x vol)",12.83,12.64,win,win,16.69,-1.27,1,2
2026-05-27,CIFR,rel_strength,buy,"New 20-day high (+3.7% above prev, 1.3x vol)",25.16,24.83,win,pending,5.88,-10.19,4,
2026-05-27,BROS,macd,buy,MACD bullish crossover (above SMA20),55.91,55.1,win,pending,5.01,-0.54,2,
2026-05-27,ARM,adjusted_drop,buy,"Market-adjusted drop -5.75% (stock -5.76%, market -0.02%)",302.71,309.98,win,win,29.91,-0.44,1,1
2026-05-27,ARM,sector_drop,buy,"Sector-adjusted drop -5.38% (stock -5.76%, XLK -0.38%)",302.71,309.98,win,win,29.91,-0.44,1,1
2026-05-27,ARM,confluence,buy,"Confluence (2 strong signals): adjusted_drop, sector_drop",302.71,309.98,win,win,29.91,-0.44,1,1
2026-05-26,ZM,adjusted_drop,buy,"Market-adjusted drop -5.92% (stock -5.25%, market +0.66%)",100.09,99.44,win,win,12.51,-0.69,4,4
2026-05-26,ZM,sector_drop,buy,"Sector-adjusted drop -7.89% (stock -5.25%, XLK +2.63%)",100.09,99.44,win,win,12.51,-0.69,4,4
2026-05-26,XPEV,gap_and_go,buy,Gap up +5.9% on 1.8x volume,16.55,16.07,win,win,11.33,-0.31,2,5
2026-05-26,WDAY,sector_drop,buy,"Sector-adjusted drop -5.85% (stock -3.22%, XLK +2.63%)",124.02,121.99,win,win,22.04,-0.23,1,3
2026-05-26,U,gap_and_go,buy,Gap up +4.5% on 1.6x volume,26.77,26.74,win,win,15.07,-0.82,1,2
2026-05-26,SEDG,gap_and_go,buy,Gap up +7.3% on 1.7x volume,70.75,70.22,win,win,11.8,-2.06,1,3
2026-05-26,SEDG,rel_strength,buy,"New 20-day high (+16.2% above prev, 1.7x vol)",70.75,70.22,win,win,11.8,-2.06,1,3
2026-05-26,RGTI,adjusted_drop,buy,"Market-adjusted drop -5.79% (stock -5.13%, market +0.66%)",25.07,24.62,win,win,9.16,-4.08,2,2
2026-05-26,RDW,gap_and_go,buy,Gap up +12.3% on 2.8x volume,22.04,24.31,win,pending,-15.34,-16.5,2,
2026-05-26,PLUG,macd,buy,MACD bullish crossover (above SMA20),3.84,3.81,win,win,7.35,-1.57,1,1
2026-05-26,PENN,macd,buy,MACD bullish crossover (above SMA20),17.06,17.18,win,win,17.05,0,1,1
2026-05-26,NET,macd,buy,MACD bullish crossover (above SMA20),217.54,212.23,win,win,28.47,-1.99,2,3
2026-05-26,MU,gap_and_go,buy,Gap up +9.3% on 1.5x volume,895.88,955.66,win,win,11.35,-7.06,4,5
2026-05-26,MU,rel_strength,buy,"New 20-day high (+12.0% above prev, 1.5x vol)",895.88,955.66,win,win,11.35,-7.06,4,5
2026-05-26,MU,confluence,buy,"Confluence (2 strong signals): gap_and_go, rel_strength",895.88,955.66,win,win,11.35,-7.06,4,5
2026-05-26,MRVL,gap_and_go,buy,Gap up +7.6% on 1.8x volume,208.26,217.98,win,win,33.4,-10.68,5,5
2026-05-26,MRVL,rel_strength,buy,"New 20-day high (+9.6% above prev, 1.8x vol)",208.26,217.98,win,win,33.4,-10.68,5,5
2026-05-26,MRVL,confluence,buy,"Confluence (2 strong signals): gap_and_go, rel_strength",208.26,217.98,win,win,33.4,-10.68,5,5
2026-05-26,MGM,macd,buy,MACD bullish crossover (above SMA20),38.45,40.32,win,win,19.94,0,1,4
2026-05-26,LUNR,volume_spike,buy,Volume spike 4.3x (dip in uptrend),34.86,38.02,win,win,4.08,-7.08,1,2
2026-05-26,LUNR,gap_and_go,buy,Gap up +10.4% on 4.3x volume,34.86,38.02,win,win,4.08,-7.08,1,2
2026-05-26,LUNR,rel_strength,buy,"New 20-day high (+18.1% above prev, 4.3x vol)",34.86,38.02,win,win,4.08,-7.08,1,2
2026-05-26,LUNR,adjusted_drop,buy,"Market-adjusted drop -9.55% (stock -8.89%, market +0.66%)",34.86,38.02,win,win,4.08,-7.08,1,2
2026-05-26,LUNR,sector_drop,buy,"Sector-adjusted drop -10.36% (stock -8.89%, XLI +1.47%)",34.86,38.02,win,win,4.08,-7.08,1,2
2026-05-26,LUNR,confluence,buy,"Confluence (4 strong signals): gap_and_go, rel_strength, adjusted_drop, sector_drop",34.86,38.02,win,win,4.08,-7.08,1,2
2026-05-26,JOBY,rel_strength,buy,"New 20-day high (+4.8% above prev, 1.4x vol)",11.52,11.42,win,pending,3.94,-4.55,2,
2026-05-26,DVN,adjusted_drop,buy,"Market-adjusted drop -5.07% (stock -4.40%, market +0.66%)",45.14,44.48,win,pending,3.91,-1.91,4,
2026-05-26,DKNG,adjusted_drop,buy,"Market-adjusted drop -5.88% (stock -5.21%, market +0.66%)",23.81,23.85,win,win,6.08,-1.3,1,4
2026-05-26,DKNG,sector_drop,buy,"Sector-adjusted drop -5.44% (stock -5.21%, XLY +0.23%)",23.81,23.85,win,win,6.08,-1.3,1,4
2026-05-26,DKNG,confluence,buy,"Confluence (2 strong signals): adjusted_drop, sector_drop",23.81,23.85,win,win,6.08,-1.3,1,4
2026-05-26,CLF,macd,buy,MACD bullish crossover (above SMA20),11.98,11.94,win,win,23.53,-0.5,1,2
2026-05-26,BITF,rel_strength,buy,"New 20-day high (+6.0% above prev, 1.3x vol)",5.13,5.17,win,win,18.76,-3.29,1,2
2026-05-26,ASTS,gap_and_go,buy,Gap up +6.4% on 2.3x volume,119.7,124.0,win,pending,-4.7,-18.38,1,
2026-05-26,APP,macd,buy,MACD bullish crossover (above SMA20),514.24,520.91,win,win,16.26,-1.3,1,1
2026-05-26,APP,rel_strength,buy,"New 20-day high (+4.5% above prev, 1.5x vol)",514.24,520.91,win,win,16.26,-1.3,1,1
2026-05-26,AI,macd,buy,MACD bullish crossover (above SMA20),9.59,9.48,win,win,17.93,-0.43,2,3
2026-05-22,ZM,gap_and_go,buy,Gap up +12.1% on 1.8x volume,105.64,105.21,win,pending,6.33,-6.14,5,
2026-05-22,ZM,rel_strength,buy,"New 20-day high (+1.9% above prev, 1.8x vol)",105.64,105.21,win,pending,6.33,-6.14,5,
2026-05-22,ZM,confluence,buy,"Confluence (2 strong signals): gap_and_go, rel_strength",105.64,105.21,win,pending,6.33,-6.14,5,
2026-05-22,WDAY,volume_spike,buy,Volume spike 2.3x (dip in uptrend),128.14,126.07,win,win,18.09,-3.46,4,4
2026-05-22,UPS,macd,buy,MACD bullish crossover (above SMA20),101.02,101.51,win,pending,7.31,-0.07,3,
2026-05-22,RGTI,earnings_drift,buy,"Post-catalyst drift: catalyst gap +10.7%, day-2 move +19.9%",26.42,26.01,win,pending,3.34,-9.19,3,
2026-05-22,RDW,rel_strength,buy,"New 20-day high (+13.1% above prev, 1.5x vol)",17.49,19.65,win,win,4.76,-2.27,1,1
2026-05-22,MS,macd,buy,MACD bullish crossover (above SMA20),201.03,202.85,win,pending,5.98,-2.88,6,
2026-05-22,MRVL,macd,buy,MACD bullish crossover (above SMA20),196.33,211.24,win,win,37.66,-7.83,5,6
2026-05-22,GM,macd,buy,MACD bullish crossover (above SMA20),78.79,79.3,win,pending,3.06,-0.79,2,
2026-05-22,BBAI,rel_strength,buy,"New 20-day high (+2.9% above prev, 1.6x vol)",4.18,4.24,win,win,20.52,-4.13,2,3
2026-05-22,ASTS,rel_strength,buy,"New 20-day high (+10.2% above prev, 1.5x vol)",105.86,112.6,win,win,4.95,-10.11,1,1
2026-05-22,AA,rel_strength,buy,"New 20-day high (+4.6% above prev, 1.8x vol)",71.38,72.5,win,win,15.57,-2.52,4,6
2026-05-21,TEAM,sector_drop,buy,"Sector-adjusted drop -5.52% (stock -4.70%, XLK +0.82%)",82.18,83.52,win,win,30.63,-1.82,1,4
2026-05-21,RKLB,adjusted_drop,buy,"Market-adjusted drop -6.77% (stock -6.58%, market +0.20%)",125.45,131.41,win,win,-6.16,-7.92,1,2
2026-05-21,RKLB,sector_drop,buy,"Sector-adjusted drop -6.46% (stock -6.58%, XLI -0.12%)",125.45,131.41,win,win,-6.16,-7.92,1,2
2026-05-21,RKLB,confluence,buy,"Confluence (2 strong signals): adjusted_drop, sector_drop",125.45,131.41,win,win,-6.16,-7.92,1,2
2026-05-21,RGTI,gap_and_go,buy,Gap up +10.7% on 5.5x volume,22.04,22.96,win,win,17.07,-1.31,1,1
2026-05-21,RGTI,rel_strength,buy,"New 20-day high (+5.1% above prev, 5.5x vol)",22.04,22.96,win,win,17.07,-1.31,1,1
2026-05-21,RGTI,confluence,buy,"Confluence (2 strong signals): gap_and_go, rel_strength",22.04,22.96,win,win,17.07,-1.31,1,1
2026-05-21,NIO,gap_and_go,buy,Gap up +5.9% on 3.2x volume,5.6,5.22,win,win,15.13,-1.92,3,3
2026-05-21,IONQ,gap_and_go,buy,Gap up +4.1% on 2.0x volume,58.89,58.0,win,win,23.1,0,1,1
2026-05-21,IONQ,rel_strength,buy,"New 20-day high (+3.3% above prev, 2.0x vol)",58.89,58.0,win,win,23.1,0,1,1
2026-05-21,IONQ,confluence,buy,"Confluence (2 strong signals): gap_and_go, rel_strength",58.89,58.0,win,win,23.1,0,1,1
2026-05-21,IBM,gap_and_go,buy,Gap up +3.4% on 3.7x volume,252.97,262.05,win,win,25.64,-6.33,5,5
2026-05-21,IBM,rel_strength,buy,"New 20-day high (+8.3% above prev, 3.7x vol)",252.97,262.05,win,win,25.64,-6.33,5,5
2026-05-21,IBM,confluence,buy,"Confluence (2 strong signals): gap_and_go, rel_strength",252.97,262.05,win,win,25.64,-6.33,5,5
2026-05-21,GFS,gap_and_go,buy,Gap up +10.3% on 2.4x volume,81.35,85.68,win,pending,-1.25,-10.9,2,
2026-05-21,GFS,rel_strength,buy,"New 20-day high (+5.8% above prev, 2.4x vol)",81.35,85.68,win,pending,-1.25,-10.9,2,
2026-05-21,GFS,confluence,buy,"Confluence (2 strong signals): gap_and_go, rel_strength",81.35,85.68,win,pending,-1.25,-10.9,2,
2026-05-21,FCEL,rel_strength,buy,"New 20-day high (+17.8% above prev, 2.0x vol)",26.38,25.48,win,pending,-3.3,-20.64,1,
2026-05-21,ENPH,rel_strength,buy,"New 20-day high (+17.4% above prev, 2.0x vol)",62.34,62.39,win,win,15.93,-3.41,2,2
2026-05-21,CCL,macd,buy,MACD bullish crossover (above SMA20),26.18,26.3,win,pending,5.1,-1.83,3,
2026-05-21,ARM,gap_and_go,buy,Gap up +4.0% on 1.8x volume,298.23,290.08,win,win,38.83,-0.64,1,2
2026-05-21,APLD,gap_and_go,buy,Gap up +7.2% on 1.8x volume,48.02,47.59,win,pending,0.57,-8.22,4,
2026-05-21,APLD,rel_strength,buy,"New 20-day high (+1.6% above prev, 1.8x vol)",48.02,47.59,win,pending,0.57,-8.22,4,
2026-05-21,AAL,rel_strength,buy,"New 20-day high (+1.7% above prev, 2.0x vol)",13.59,13.71,win,win,1.6,-0.95,2,3
2026-05-21,AA,macd,buy,MACD bullish crossover (above SMA20),66.27,67.64,win,win,23.88,-0.47,1,2
2026-05-20,TGT,sector_drop,buy,"Sector-adjusted drop -6.39% (stock -3.86%, XLY +2.53%)",122.33,120.83,win,pending,1.94,-2.5,2,
2026-05-20,NIO,sector_drop,buy,"Sector-adjusted drop -5.14% (stock -2.61%, XLY +2.53%)",5.59,5.92,win,pending,1.52,-13.51,8,
2026-05-20,CRM,macd,buy,MACD bullish crossover (above SMA20),180.1,175.38,win,win,14.52,-2.13,6,6
2026-05-20,CLSK,rel_strength,buy,"New 20-day high (+8.7% above prev, 1.9x vol)",15.4,15.48,win,win,13.57,-1.33,2,3
2026-05-20,ARM,macd,buy,MACD bullish crossover (above SMA20),256.73,266.89,win,win,50.89,-0.34,1,1
2026-05-20,ARM,rel_strength,buy,"New 20-day high (+8.3% above prev, 1.5x vol)",256.73,266.89,win,win,50.89,-0.34,1,1
2026-05-19,SNOW,gap_and_go,buy,Gap up +5.0% on 1.7x volume,169.55,166.4,win,win,56.94,-3.01,4,6
2026-05-19,NOW,rel_strength,buy,"New 20-day high (+5.9% above prev, 1.9x vol)",101.83,100.75,win,win,26.7,-3.23,6,7
2026-05-19,DXCM,rel_strength,buy,"New 20-day high (+4.0% above prev, 1.9x vol)",66.95,66.71,win,win,10.1,-0.61,1,7
2026-05-19,ACN,macd,buy,MACD bullish crossover (above SMA20),176.8,175.0,win,win,6.41,-2.7,7,8
2026-05-18,UUUU,adjusted_drop,buy,"Market-adjusted drop -5.42% (stock -5.49%, market -0.07%)",17.4,17.3,win,win,12.95,-7.34,3,5
2026-05-18,UPST,adjusted_drop,buy,"Market-adjusted drop -5.25% (stock -5.32%, market -0.07%)",27.94,28.12,win,win,15.16,-4.82,4,5
2026-05-18,UPST,sector_drop,buy,"Sector-adjusted drop -6.57% (stock -5.32%, XLF +1.25%)",27.94,28.12,win,win,15.16,-4.82,4,5
2026-05-18,UPST,confluence,buy,"Confluence (2 strong signals): adjusted_drop, sector_drop",27.94,28.12,win,win,15.16,-4.82,4,5
2026-05-18,SNOW,rel_strength,buy,"New 20-day high (+3.4% above prev, 1.6x vol)",164.24,172.48,win,win,51.41,-6.43,5,7
2026-05-18,SMR,sector_drop,buy,"Sector-adjusted drop -6.84% (stock -6.68%, XLU +0.16%)",10.48,10.27,win,win,35.83,-5.89,3,3
2026-05-18,SEDG,adjusted_drop,buy,"Market-adjusted drop -10.50% (stock -10.57%, market -0.07%)",55.23,53.65,win,win,46.35,-6.35,2,3
2026-05-18,SEDG,sector_drop,buy,"Sector-adjusted drop -10.73% (stock -10.57%, XLU +0.16%)",55.23,53.65,win,win,46.35,-6.35,2,3
2026-05-18,SEDG,confluence,buy,"Confluence (2 strong signals): adjusted_drop, sector_drop",55.23,53.65,win,win,46.35,-6.35,2,3
2026-05-18,RDW,volume_spike,buy,Volume spike 2.5x (dip in uptrend),13.96,13.74,win,win,49.73,-6.44,1,2
2026-05-18,PLUG,sector_drop,buy,"Sector-adjusted drop -8.89% (stock -8.73%, XLU +0.16%)",3.45,3.39,win,win,20.65,-5.31,3,3
2026-05-18,NOW,gap_and_go,buy,Gap up +4.0% on 1.8x volume,103.42,110.14,win,win,15.9,-11.48,8,8
2026-05-18,LCID,adjusted_drop,buy,"Market-adjusted drop -5.06% (stock -5.13%, market -0.07%)",5.73,5.7,win,win,8.34,-2.55,4,6
2026-05-18,FCEL,adjusted_drop,buy,"Market-adjusted drop -16.88% (stock -16.95%, market -0.07%)",17.74,17.4,win,win,41.61,-7.3,2,2
2026-05-18,FCEL,sector_drop,buy,"Sector-adjusted drop -17.11% (stock -16.95%, XLU +0.16%)",17.74,17.4,win,win,41.61,-7.3,2,2
2026-05-18,FCEL,confluence,buy,"Confluence (2 strong signals): adjusted_drop, sector_drop",17.74,17.4,win,win,41.61,-7.3,2,2
2026-05-18,ENPH,adjusted_drop,buy,"Market-adjusted drop -5.98% (stock -6.05%, market -0.07%)",49.69,48.65,win,win,48.67,-7.67,2,2
2026-05-18,ENPH,sector_drop,buy,"Sector-adjusted drop -6.21% (stock -6.05%, XLU +0.16%)",49.69,48.65,win,win,48.67,-7.67,2,2
2026-05-18,ENPH,confluence,buy,"Confluence (2 strong signals): adjusted_drop, sector_drop",49.69,48.65,win,win,48.67,-7.67,2,2
2026-05-18,AMAT,adjusted_drop,buy,"Market-adjusted drop -5.21% (stock -5.28%, market -0.07%)",413.06,403.87,win,win,21.34,-1.73,2,5
2026-05-15,WOLF,adjusted_drop,buy,"Market-adjusted drop -9.99% (stock -11.19%, market -1.20%)",62.13,63.54,win,win,-3.9,-21.84,1,4
2026-05-15,WOLF,sector_drop,buy,"Sector-adjusted drop -8.90% (stock -11.19%, XLU -2.29%)",62.13,63.54,win,win,-3.9,-21.84,1,4
2026-05-15,SMR,adjusted_drop,buy,"Market-adjusted drop -5.68% (stock -6.88%, market -1.20%)",11.23,11.2,win,win,24.55,-13.71,5,6
2026-05-15,RGTI,adjusted_drop,buy,"Market-adjusted drop -6.17% (stock -7.37%, market -1.20%)",17.85,17.91,win,win,50.13,-13.66,4,4
2026-05-15,QS,adjusted_drop,buy,"Market-adjusted drop -5.66% (stock -6.86%, market -1.20%)",8.01,8.0,win,win,15.0,-10.87,4,6
2026-05-15,PANW,rel_strength,buy,"New 20-day high (+2.8% above prev, 1.6x vol)",242.83,238.91,win,win,24.39,-1.53,4,9
2026-05-15,NU,sector_drop,buy,"Sector-adjusted drop -5.35% (stock -5.72%, XLF -0.37%)",12.19,12.4,win,pending,-3.79,-7.74,4,
2026-05-15,MU,adjusted_drop,buy,"Market-adjusted drop -5.41% (stock -6.62%, market -1.20%)",724.66,750.46,win,win,41.79,-13.09,6,6
2026-05-15,MARA,adjusted_drop,buy,"Market-adjusted drop -5.19% (stock -6.40%, market -1.20%)",12.44,12.08,win,win,18.21,-4.55,3,3
2026-05-15,LUNR,adjusted_drop,buy,"Market-adjusted drop -6.00% (stock -7.20%, market -1.20%)",33.89,36.55,win,win,8.26,-15.4,1,6
2026-05-15,LUNR,sector_drop,buy,"Sector-adjusted drop -5.42% (stock -7.20%, XLI -1.78%)",33.89,36.55,win,win,8.26,-15.4,1,6
2026-05-15,LUNR,confluence,buy,"Confluence (2 strong signals): adjusted_drop, sector_drop",33.89,36.55,win,win,8.26,-15.4,1,6
2026-05-15,LIDR,adjusted_drop,buy,"Market-adjusted drop -7.93% (stock -9.13%, market -1.20%)",1.89,1.88,win,win,10.64,-6.38,6,8
2026-05-15,LIDR,sector_drop,buy,"Sector-adjusted drop -7.35% (stock -9.13%, XLI -1.78%)",1.89,1.88,win,win,10.64,-6.38,6,8
2026-05-15,LIDR,confluence,buy,"Confluence (2 strong signals): adjusted_drop, sector_drop",1.89,1.88,win,win,10.64,-6.38,6,8
2026-05-15,IREN,adjusted_drop,buy,"Market-adjusted drop -8.15% (stock -9.35%, market -1.20%)",52.94,53.08,win,win,25.46,-13.35,4,5
2026-05-15,IREN,sector_drop,buy,"Sector-adjusted drop -6.47% (stock -9.35%, BITO -2.88%)",52.94,53.08,win,win,25.46,-13.35,4,5
2026-05-15,IREN,confluence,buy,"Confluence (2 strong signals): adjusted_drop, sector_drop",52.94,53.08,win,win,25.46,-13.35,4,5
2026-05-15,IONQ,adjusted_drop,buy,"Market-adjusted drop -8.40% (stock -9.61%, market -1.20%)",51.95,51.81,win,win,37.81,-12.16,4,4
2026-05-15,HUT,adjusted_drop,buy,"Market-adjusted drop -5.11% (stock -6.31%, market -1.20%)",102.47,100.5,win,win,32.36,-13.61,5,6
2026-05-15,F,adjusted_drop,buy,"Market-adjusted drop -6.26% (stock -7.46%, market -1.20%)",13.4,13.99,win,win,15.44,-9.08,5,6
2026-05-15,F,sector_drop,buy,"Sector-adjusted drop -5.66% (stock -7.46%, XLY -1.80%)",13.4,13.99,win,win,15.44,-9.08,5,6
2026-05-15,F,confluence,buy,"Confluence (2 strong signals): adjusted_drop, sector_drop",13.4,13.99,win,win,15.44,-9.08,5,6
2026-05-15,DXCM,gap_and_go,buy,Gap up +3.6% on 2.1x volume,61.63,61.79,win,win,18.87,-0.4,1,3
2026-05-15,CSCO,earnings_drift,buy,"Post-catalyst drift: catalyst gap +15.4%, day-2 move +2.3%",118.21,118.8,win,pending,7.74,-4.4,11,
2026-05-15,CIFR,adjusted_drop,buy,"Market-adjusted drop -7.59% (stock -8.79%, market -1.20%)",20.33,20.02,win,win,31.32,-11.99,4,5
2026-05-15,CIFR,sector_drop,buy,"Sector-adjusted drop -5.92% (stock -8.79%, BITO -2.88%)",20.33,20.02,win,win,31.32,-11.99,4,5
2026-05-15,CIFR,confluence,buy,"Confluence (2 strong signals): adjusted_drop, sector_drop",20.33,20.02,win,win,31.32,-11.99,4,5
2026-05-15,BE,adjusted_drop,buy,"Market-adjusted drop -7.85% (stock -9.05%, market -1.20%)",275.95,275.66,win,win,9.86,-12.3,3,4
2026-05-15,BE,sector_drop,buy,"Sector-adjusted drop -6.76% (stock -9.05%, XLU -2.29%)",275.95,275.66,win,win,9.86,-12.3,3,4
2026-05-15,BE,confluence,buy,"Confluence (2 strong signals): adjusted_drop, sector_drop",275.95,275.66,win,win,9.86,-12.3,3,4
2026-05-15,BBAI,adjusted_drop,buy,"Market-adjusted drop -5.65% (stock -6.85%, market -1.20%)",4.08,4.05,win,win,26.17,-7.41,4,5
2026-05-15,ARM,adjusted_drop,buy,"Market-adjusted drop -7.26% (stock -8.46%, market -1.20%)",209.16,209.81,win,win,91.94,-3.24,2,3
2026-05-15,ARM,sector_drop,buy,"Sector-adjusted drop -6.66% (stock -8.46%, XLK -1.81%)",209.16,209.81,win,win,91.94,-3.24,2,3
2026-05-15,ARM,confluence,buy,"Confluence (2 strong signals): adjusted_drop, sector_drop",209.16,209.81,win,win,91.94,-3.24,2,3
2026-05-15,APLD,adjusted_drop,buy,"Market-adjusted drop -7.68% (stock -8.88%, market -1.20%)",42.56,43.08,win,win,11.08,-17.19,4,4
2026-05-15,APLD,sector_drop,buy,"Sector-adjusted drop -6.01% (stock -8.88%, BITO -2.88%)",42.56,43.08,win,win,11.08,-17.19,4,4
2026-05-15,APLD,confluence,buy,"Confluence (2 strong signals): adjusted_drop, sector_drop",42.56,43.08,win,win,11.08,-17.19,4,4
2026-05-14,ZM,sector_drop,buy,"Sector-adjusted drop -5.60% (stock -4.10%, XLK +1.50%)",98.23,98.6,win,win,13.47,-3.29,6,6
2026-05-14,WOLF,earnings_drift,buy,"Post-catalyst drift: catalyst gap +24.0%, day-2 move +11.8%",69.96,62.8,win,win,-2.77,-20.92,1,2
2026-05-14,SEDG,macd,buy,MACD bullish crossover (above SMA20),50.24,48.38,win,win,62.28,-1.82,1,1
2026-05-14,SEDG,rel_strength,buy,"New 20-day high (+3.1% above prev, 1.6x vol)",50.24,48.38,win,win,62.28,-1.82,1,1
2026-05-14,SE,adjusted_drop,buy,"Market-adjusted drop -6.34% (stock -5.55%, market +0.79%)",88.33,88.2,win,win,5.6,-4.05,8,11
2026-05-14,RDW,gap_and_go,buy,Gap up +4.3% on 2.3x volume,13.99,13.73,win,win,49.89,-6.34,1,2
2026-05-14,PLUG,adjusted_drop,buy,"Market-adjusted drop -5.08% (stock -4.29%, market +0.79%)",3.79,3.65,win,win,12.05,-12.05,1,7
2026-05-14,NTLA,adjusted_drop,buy,"Market-adjusted drop -9.12% (stock -8.33%, market +0.79%)",13.09,13.35,win,pending,-1.65,-11.69,1,
2026-05-14,NTLA,sector_drop,buy,"Sector-adjusted drop -8.28% (stock -8.33%, XLV -0.05%)",13.09,13.35,win,pending,-1.65,-11.69,1,
2026-05-14,NTLA,confluence,buy,"Confluence (2 strong signals): adjusted_drop, sector_drop",13.09,13.35,win,pending,-1.65,-11.69,1,
2026-05-14,LYFT,adjusted_drop,buy,"Market-adjusted drop -5.39% (stock -4.61%, market +0.79%)",13.05,12.93,win,win,9.13,-1.31,2,10
2026-05-14,CSCO,gap_and_go,buy,Gap up +15.4% on 3.4x volume,115.53,114.61,win,win,11.68,-0.91,6,12
2026-05-14,BITF,rel_strength,buy,"New 20-day high (+3.6% above prev, 1.5x vol)",4.61,4.38,win,win,40.18,-11.19,2,6
2026-05-14,BBWI,adjusted_drop,buy,"Market-adjusted drop -5.01% (stock -4.22%, market +0.79%)",17.95,17.78,win,win,5.29,-11.47,8,8
2026-05-14,AMAT,volume_spike,buy,Volume spike 2.3x (dip in uptrend),440.01,427.89,win,win,14.53,-7.25,7,12
2026-05-13,XPEV,macd,buy,MACD bullish crossover (above SMA20),16.68,15.92,win,win,12.37,-7.54,8,12
2026-05-13,WOLF,volume_spike,buy,Volume spike 4.8x (dip in uptrend),62.6,63.35,win,win,-3.62,-21.62,1,1
2026-05-13,WOLF,gap_and_go,buy,Gap up +24.0% on 4.8x volume,62.6,63.35,win,win,-3.62,-21.62,1,1
2026-05-13,WOLF,rel_strength,buy,"New 20-day high (+36.6% above prev, 4.8x vol)",62.6,63.35,win,win,-3.62,-21.62,1,1
2026-05-13,WOLF,confluence,buy,"Confluence (2 strong signals): gap_and_go, rel_strength",62.6,63.35,win,win,-3.62,-21.62,1,1
2026-05-13,SHOP,adjusted_drop,buy,"Market-adjusted drop -5.01% (stock -4.45%, market +0.56%)",95.4,95.4,win,win,22.65,-1.47,2,5
2026-05-13,QS,volume_spike,buy,Volume spike 2.2x (dip in uptrend),8.66,8.51,win,win,8.11,-16.22,8,10
2026-05-13,QS,gap_and_go,buy,Gap up +3.2% on 2.2x volume,8.66,8.51,win,win,8.11,-16.22,8,10
2026-05-13,ON,gap_and_go,buy,Gap up +4.6% on 1.6x volume,115.71,115.12,win,win,11.74,-9.62,8,8
2026-05-13,ON,rel_strength,buy,"New 20-day high (+8.1% above prev, 1.6x vol)",115.71,115.12,win,win,11.74,-9.62,8,8
2026-05-13,ON,confluence,buy,"Confluence (2 strong signals): gap_and_go, rel_strength",115.71,115.12,win,win,11.74,-9.62,8,8
2026-05-13,LUNR,rel_strength,buy,"New 20-day high (+9.2% above prev, 1.3x vol)",35.68,32.16,win,win,23.04,-3.86,1,1
2026-05-13,FISV,adjusted_drop,buy,"Market-adjusted drop -5.13% (stock -4.57%, market +0.56%)",52.37,53.15,win,win,6.23,-1.66,3,12
2026-05-13,FISV,sector_drop,buy,"Sector-adjusted drop -5.52% (stock -4.57%, XLK +0.94%)",52.37,53.15,win,win,6.23,-1.66,3,12
2026-05-13,FISV,confluence,buy,"Confluence (2 strong signals): adjusted_drop, sector_drop",52.37,53.15,win,win,6.23,-1.66,3,12
2026-05-13,FCEL,gap_and_go,buy,Gap up +3.4% on 1.9x volume,19.92,18.9,win,win,30.37,-14.66,1,1
2026-05-13,F,macd,buy,MACD bullish crossover (above SMA20),13.57,13.75,win,win,17.45,-7.49,1,8
2026-05-13,F,rel_strength,buy,"New 20-day high (+8.2% above prev, 5.1x vol)",13.57,13.75,win,win,17.45,-7.49,1,8
2026-05-13,ENPH,rel_strength,buy,"New 20-day high (+8.9% above prev, 1.6x vol)",42.0,41.81,win,win,73.0,-4.33,1,1
2026-05-13,ACN,adjusted_drop,buy,"Market-adjusted drop -6.53% (stock -5.97%, market +0.56%)",159.64,162.0,win,win,14.95,-0.93,3,4
2026-06-01,RIVN,rel_strength,buy,"New 20-day high (+3.6% above prev, 1.3x vol)",16.95,16.99,win,pending,7.62,-1.88,2,
2026-05-29,TXN,volume_spike,buy,Volume spike 2.3x (dip in uptrend),305.68,297.38,win,pending,4.1,-2.51,3,
2026-05-29,TXN,sector_drop,buy,"Sector-adjusted drop -5.48% (stock -3.25%, XLK +2.23%)",305.68,297.38,win,pending,4.1,-2.51,3,
2026-05-29,INTC,adjusted_drop,buy,"Market-adjusted drop -5.39% (stock -5.14%, market +0.25%)",114.68,109.43,win,pending,2.9,-4.81,3,
2026-05-29,INTC,sector_drop,buy,"Sector-adjusted drop -7.37% (stock -5.14%, XLK +2.23%)",114.68,109.43,win,pending,2.9,-4.81,3,
2026-05-29,INTC,confluence,buy,"Confluence (2 strong signals): adjusted_drop, sector_drop",114.68,109.43,win,pending,2.9,-4.81,3,
2026-05-27,IREN,macd,buy,MACD bullish crossover (above SMA20),67.84,66.54,win,pending,0.72,-9.44,5,
2026-05-27,IREN,gap_and_go,buy,Gap up +3.4% on 1.6x volume,67.84,66.54,win,pending,0.72,-9.44,5,
2026-05-27,IREN,rel_strength,buy,"New 20-day high (+3.8% above prev, 1.6x vol)",67.84,66.54,win,pending,0.72,-9.44,5,
2026-05-27,IREN,confluence,buy,"Confluence (2 strong signals): gap_and_go, rel_strength",67.84,66.54,win,pending,0.72,-9.44,5,
2026-05-15,WOLF,confluence,buy,"Confluence (2 strong signals): adjusted_drop, sector_drop",62.13,63.54,win,win,3.62,-21.84,1,4
2026-05-22,NET,macd,buy,MACD bullish crossover (above SMA20),216.17,216.25,win,win,22.7,-3.82,3,4
2026-05-22,AI,macd,buy,MACD bullish crossover (above SMA20),9.29,9.27,win,win,15.6,-0.92,1,3
2026-05-19,EW,macd,buy,MACD bullish crossover (above SMA20),82.16,81.74,win,pending,5.21,-0.62,3,
2026-05-19,EVGO,sector_drop,buy,"Sector-adjusted drop -6.12% (stock -5.21%, XLU +0.91%)",1.82,1.81,win,win,27.07,-1.66,1,4
2026-06-03,RGTI,adjusted_drop,buy,"Market-adjusted drop -9.66% (stock -10.36%, market -0.70%)",24.09,23.38,win,pending,2.69,-1.85,1,
2026-06-03,OPEN,adjusted_drop,buy,"Market-adjusted drop -9.28% (stock -9.98%, market -0.70%)",4.87,4.89,win,pending,2.35,-0.41,1,
2026-06-03,OPEN,sector_drop,buy,"Sector-adjusted drop -10.03% (stock -9.98%, XLRE +0.05%)",4.87,4.89,win,pending,2.35,-0.41,1,
2026-06-03,OPEN,confluence,buy,"Confluence (2 strong signals): adjusted_drop, sector_drop",4.87,4.89,win,pending,2.35,-0.41,1,
2026-06-03,MRVL,gap_and_go,buy,Gap up +9.2% on 3.4x volume,301.65,282.95,win,win,10.21,-1.89,1,1
2026-06-03,MRVL,rel_strength,buy,"New 20-day high (+11.3% above prev, 3.4x vol)",301.65,282.95,win,win,10.21,-1.89,1,1
2026-06-03,MRVL,earnings_drift,buy,"Post-catalyst drift: catalyst gap +15.5%, day-2 move +3.7%",301.65,282.95,win,win,10.21,-1.89,1,1
2026-06-03,MRVL,confluence,buy,"Confluence (3 strong signals): gap_and_go, rel_strength, earnings_drift",301.65,282.95,win,win,10.21,-1.89,1,1
2026-06-01,NET,rel_strength,buy,"New 20-day high (+4.8% above prev, 1.7x vol)",270.82,262.77,win,pending,3.97,-3.36,3,
2026-06-01,META,adjusted_drop,buy,"Market-adjusted drop -5.34% (stock -5.07%, market +0.27%)",600.47,603.24,win,pending,4.72,-1.09,3,
2026-06-01,HIMS,macd,buy,MACD bullish crossover (above SMA20),27.76,27.93,win,pending,2.51,-7.94,3,
2026-05-29,MS,rel_strength,buy,"New 20-day high (+1.8% above prev, 1.5x vol)",208.0,207.61,win,pending,5.27,-0.49,4,
2026-05-28,NTLA,macd,buy,MACD bullish crossover (above SMA20),13.68,13.7,win,win,8.59,-8.98,5,5
2026-06-03,MRNA,macd,buy,MACD bullish crossover (above SMA20),49.06,49.4,win,pending,3.37,-0.81,1,
2026-06-01,C,macd,buy,MACD bullish crossover (above SMA20),129.09,128.69,win,pending,4.74,-0.33,3,
2026-06-03,ORCL,adjusted_drop,buy,"Market-adjusted drop -5.12% (stock -5.83%, market -0.70%)",230.33,227.0,win,pending,4.9,-1.32,1,
2026-06-03,HOOD,adjusted_drop,buy,"Market-adjusted drop -5.32% (stock -6.02%, market -0.70%)",82.85,83.25,win,pending,6.04,-0.54,1,
2026-05-22,CCL,macd,buy,MACD bullish crossover (above SMA20),25.98,26.82,win,pending,3.84,-1.19,2,
2026-05-21,APLD,confluence,buy,"Confluence (2 strong signals): gap_and_go, rel_strength",48.02,47.59,win,pending,-17.78,-17.99,4,
2026-05-27,PENN,macd,buy,MACD bullish crossover (above SMA20),19.09,18.85,win,pending,2.02,-0.74,3,
2026-05-27,BBAI,macd,buy,MACD bullish crossover (above SMA20),4.37,4.28,win,win,-1.87,-3.97,1,1
2026-05-26,MARA,macd,buy,MACD bullish crossover (above SMA20),14.28,14.21,win,pending,-13.3,-16.68,4,
2026-05-21,DAL,macd,buy,MACD bullish crossover (above SMA20),75.65,76.03,win,win,4.46,-0.68,3,3
2026-06-05,RIVN,adjusted_drop,buy,"Market-adjusted drop -7.19% (stock -9.77%, market -2.58%)",16.35,16.7,win,pending,4.4,-1.98,1,
2026-06-05,RIVN,sector_drop,buy,"Sector-adjusted drop -7.72% (stock -9.77%, XLY -2.05%)",16.35,16.7,win,pending,4.4,-1.98,1,
2026-06-05,RIVN,confluence,buy,"Confluence (2 strong signals): adjusted_drop, sector_drop",16.35,16.7,win,pending,4.4,-1.98,1,
2026-06-05,MRVL,adjusted_drop,buy,"Market-adjusted drop -14.16% (stock -16.74%, market -2.58%)",263.47,288.69,win,pending,3.0,-2.54,1,
2026-06-05,MRVL,sector_drop,buy,"Sector-adjusted drop -10.07% (stock -16.74%, XLK -6.66%)",263.47,288.69,win,pending,3.0,-2.54,1,
2026-06-05,MARA,adjusted_drop,buy,"Market-adjusted drop -8.66% (stock -11.24%, market -2.58%)",12.32,12.75,win,pending,5.92,-1.16,1,
2026-06-05,MARA,sector_drop,buy,"Sector-adjusted drop -6.27% (stock -11.24%, BITO -4.97%)",12.32,12.75,win,pending,5.92,-1.16,1,
2026-06-05,MARA,confluence,buy,"Confluence (2 strong signals): adjusted_drop, sector_drop",12.32,12.75,win,pending,5.92,-1.16,1,
2026-06-05,IONQ,adjusted_drop,buy,"Market-adjusted drop -10.94% (stock -13.52%, market -2.58%)",56.78,59.54,win,pending,6.32,-2.65,1,
2026-06-05,BTBT,sector_drop,buy,"Sector-adjusted drop -6.38% (stock -11.35%, BITO -4.97%)",1.64,1.7,win,pending,5.0,-1.18,1,
2026-05-29,HIMS,macd,buy,MACD bullish crossover (above SMA20),26.15,26.19,win,win,3.09,-3.02,1,4
2026-05-26,SEDG,confluence,buy,"Confluence (2 strong signals): gap_and_go, rel_strength",70.75,70.22,win,win,-5.2,-11.4,1,3
2026-05-22,NIO,adjusted_drop,buy,"Market-adjusted drop -7.54% (stock -7.14%, market +0.39%)",5.2,5.33,win,win,2.53,-2.44,2,5
2026-06-05,IREN,adjusted_drop,buy,"Market-adjusted drop -9.56% (stock -12.14%, market -2.58%)",54.35,56.44,win,pending,5.08,-2.29,1,
2026-06-05,IREN,sector_drop,buy,"Sector-adjusted drop -7.17% (stock -12.14%, BITO -4.97%)",54.35,56.44,win,pending,5.08,-2.29,1,
2026-06-05,IREN,confluence,buy,"Confluence (2 strong signals): adjusted_drop, sector_drop",54.35,56.44,win,pending,5.08,-2.29,1,
2026-06-05,CIFR,adjusted_drop,buy,"Market-adjusted drop -9.55% (stock -12.13%, market -2.58%)",22.45,23.32,win,pending,4.18,-2.42,1,
2026-06-05,CIFR,sector_drop,buy,"Sector-adjusted drop -7.16% (stock -12.13%, BITO -4.97%)",22.45,23.32,win,pending,4.18,-2.42,1,
2026-06-05,CIFR,confluence,buy,"Confluence (2 strong signals): adjusted_drop, sector_drop",22.45,23.32,win,pending,4.18,-2.42,1,
2026-06-08,FCEL,adjusted_drop,buy,"Market-adjusted drop -10.79% (stock -10.56%, market +0.23%)",15.5,18.07,win,pending,-5.98,-6.92,1,
2026-06-08,FCEL,sector_drop,buy,"Sector-adjusted drop -8.69% (stock -10.56%, XLU -1.87%)",15.5,18.07,win,pending,-5.98,-6.92,1,
2026-06-08,FCEL,confluence,buy,"Confluence (2 strong signals): adjusted_drop, sector_drop",15.5,18.07,win,pending,-5.98,-6.92,1,
2026-06-05,SOFI,sector_drop,buy,"Sector-adjusted drop -6.74% (stock -6.53%, XLF +0.21%)",16.03,16.18,win,pending,-2.53,-3.03,2,
2026-06-05,RIOT,adjusted_drop,buy,"Market-adjusted drop -7.65% (stock -10.23%, market -2.58%)",24.66,25.36,win,pending,-4.55,-5.26,2,
2026-06-05,RIOT,sector_drop,buy,"Sector-adjusted drop -5.26% (stock -10.23%, BITO -4.97%)",24.66,25.36,win,pending,-4.55,-5.26,2,
2026-06-05,RIOT,confluence,buy,"Confluence (2 strong signals): adjusted_drop, sector_drop",24.66,25.36,win,pending,-4.55,-5.26,2,
2026-06-05,LRCX,adjusted_drop,buy,"Market-adjusted drop -7.27% (stock -9.85%, market -2.58%)",303.28,318.55,win,pending,-1.85,-2.65,2,
2026-06-05,HUT,adjusted_drop,buy,"Market-adjusted drop -9.57% (stock -12.15%, market -2.58%)",112.24,119.0,win,pending,-7.76,-8.98,2,
2026-06-05,HUT,sector_drop,buy,"Sector-adjusted drop -7.18% (stock -12.15%, BITO -4.97%)",112.24,119.0,win,pending,-7.76,-8.98,2,
2026-06-05,HUT,confluence,buy,"Confluence (2 strong signals): adjusted_drop, sector_drop",112.24,119.0,win,pending,-7.76,-8.98,2,
2026-06-05,HIMS,sector_drop,buy,"Sector-adjusted drop -7.11% (stock -6.50%, XLV +0.61%)",26.19,26.48,win,pending,-0.47,-1.96,2,
2026-06-05,BE,adjusted_drop,buy,"Market-adjusted drop -6.95% (stock -9.53%, market -2.58%)",263.61,265.5,win,pending,-6.66,-7.53,2,
2026-06-05,BE,sector_drop,buy,"Sector-adjusted drop -10.46% (stock -9.53%, XLU +0.93%)",263.61,265.5,win,pending,-6.66,-7.53,2,
2026-06-05,BE,confluence,buy,"Confluence (2 strong signals): adjusted_drop, sector_drop",263.61,265.5,win,pending,-6.66,-7.53,2,
2026-06-05,APLD,sector_drop,buy,"Sector-adjusted drop -5.29% (stock -10.26%, BITO -4.97%)",39.62,41.22,win,win,-4.91,-6.11,2,2
2026-06-05,AMAT,adjusted_drop,buy,"Market-adjusted drop -7.12% (stock -9.71%, market -2.58%)",453.01,476.0,win,win,-0.12,-1.03,2,2
2026-06-02,AMAT,rel_strength,buy,"New 20-day high (+6.0% above prev, 1.3x vol)",490.05,487.95,win,pending,-2.57,-7.18,5,
2026-06-03,CARR,macd,buy,MACD bullish crossover (above SMA20),67.58,67.86,win,pending,4.98,-2.11,4,
2026-05-26,FISV,sector_drop,buy,"Sector-adjusted drop -5.29% (stock -2.66%, XLK +2.63%)",55.61,55.45,win,pending,-2.56,-5.5,4,
2026-06-09,FCEL,gap_and_go,buy,Gap up +16.5% on 1.8x volume,17.49,17.31,win,win,-3.96,-4.33,1,1
2026-06-09,DKNG,macd,buy,MACD bullish crossover (above SMA20),27.59,28.02,win,pending,3.64,-0.25,1,
2026-06-09,DKNG,rel_strength,buy,"New 20-day high (+3.0% above prev, 1.7x vol)",27.59,28.02,win,pending,3.64,-0.25,1,
2026-06-09,APLD,gap_and_go,buy,Gap up +11.9% on 2.1x volume,41.91,40.54,win,pending,-3.13,-3.72,1,
2026-06-05,HOOD,sector_drop,buy,"Sector-adjusted drop -6.84% (stock -6.63%, XLF +0.21%)",82.47,84.62,win,pending,4.17,-6.72,3,
2026-06-05,CMG,gap_and_go,buy,Gap up +3.2% on 2.2x volume,29.34,29.0,win,pending,5.4,-1.0,3,
2026-05-26,BAC,macd,buy,MACD bullish crossover (above SMA20),51.93,52.12,win,pending,5.85,-3.4,11,
2026-05-27,PDD,adjusted_drop,buy,"Market-adjusted drop -10.36% (stock -10.38%, market -0.02%)",86.61,84.3,win,pending,-2.94,-3.9,4,
2026-06-10,CLSK,adjusted_drop,buy,"Market-adjusted drop -5.12% (stock -6.70%, market -1.58%)",14.9,14.81,win,pending,2.77,-0.27,1,
2026-06-10,CLSK,sector_drop,buy,"Sector-adjusted drop -6.75% (stock -6.70%, XLU +0.05%)",14.9,14.81,win,pending,2.77,-0.27,1,
2026-06-10,CLSK,confluence,buy,"Confluence (2 strong signals): adjusted_drop, sector_drop",14.9,14.81,win,pending,2.77,-0.27,1,
2026-05-27,GFS,confluence,buy,"Confluence (2 strong signals): adjusted_drop, sector_drop",81.11,81.13,win,pending,-4.74,-13.12,4,
2026-06-10,BROS,rel_strength,buy,"New 20-day high (+4.0% above prev, 2.0x vol)",60.28,60.68,win,pending,5.49,-1.99,1,
2026-06-10,APLD,adjusted_drop,buy,"Market-adjusted drop -5.56% (stock -7.13%, market -1.58%)",38.92,38.42,win,pending,4.41,-1.29,1,
2026-06-09,RKLB,sector_drop,buy,"Sector-adjusted drop -5.90% (stock -4.77%, XLI +1.13%)",108.23,107.7,win,pending,4.69,-3.05,2,
2026-06-09,RDW,adjusted_drop,buy,"Market-adjusted drop -14.89% (stock -15.19%, market -0.29%)",15.75,15.89,win,pending,4.66,-7.49,2,
2026-06-09,RDW,sector_drop,buy,"Sector-adjusted drop -16.32% (stock -15.19%, XLI +1.13%)",15.75,15.89,win,pending,4.66,-7.49,2,
2026-06-09,RDW,confluence,buy,"Confluence (2 strong signals): adjusted_drop, sector_drop",15.75,15.89,win,pending,4.66,-7.49,2,
2026-06-10,AMAT,rel_strength,buy,"New 20-day high (+1.6% above prev, 1.3x vol)",497.01,522.1,win,pending,5.87,-0.41,1,
2026-06-09,ENPH,adjusted_drop,buy,"Market-adjusted drop -5.63% (stock -5.92%, market -0.29%)",53.51,52.33,win,pending,4.87,-3.42,2,
2026-06-04,MU,adjusted_drop,buy,"Market-adjusted drop -8.12% (stock -7.74%, market +0.38%)",996.0,944.4,win,pending,5.4,-9.54,5,
2026-06-04,MU,sector_drop,buy,"Sector-adjusted drop -6.18% (stock -7.74%, XLK -1.56%)",996.0,944.4,win,pending,5.4,-9.54,5,
2026-06-04,MU,confluence,buy,"Confluence (2 strong signals): adjusted_drop, sector_drop",996.0,944.4,win,pending,5.4,-9.54,5,
2026-06-08,CLF,adjusted_drop,buy,"Market-adjusted drop -6.51% (stock -6.28%, market +0.23%)",12.68,13.02,win,pending,5.3,-6.91,3,
2026-06-01,PINS,macd,buy,MACD bullish crossover (above SMA20),21.35,21.13,win,pending,1.75,-4.87,4,
2026-05-26,WFC,macd,buy,MACD bullish crossover (above SMA20),77.52,77.13,win,pending,6.83,-2.53,7,
2026-06-11,INTC,gap_and_go,buy,Gap up +6.1% on 1.5x volume,116.96,117.42,win,pending,6.3,-1.78,1,
2026-06-10,TGT,macd,buy,MACD bullish crossover (above SMA20),127.98,129.03,win,pending,4.75,-0.72,2,
2026-06-10,NET,adjusted_drop,buy,"Market-adjusted drop -5.39% (stock -6.97%, market -1.58%)",219.67,218.34,win,pending,4.09,-0.84,2,
2026-06-09,RUN,adjusted_drop,buy,"Market-adjusted drop -6.10% (stock -6.39%, market -0.29%)",12.6,12.31,win,pending,3.25,-4.96,3,
2026-06-09,BE,gap_and_go,buy,Gap up +3.3% on 1.6x volume,259.61,248.19,win,pending,4.47,-7.09,3,
2026-06-08,NVAX,adjusted_drop,buy,"Market-adjusted drop -9.39% (stock -9.17%, market +0.23%)",8.62,8.75,win,pending,2.0,-4.57,4,
2026-06-05,MRNA,adjusted_drop,buy,"Market-adjusted drop -5.46% (stock -8.04%, market -2.58%)",47.44,48.22,win,pending,4.94,-5.85,5,
2026-06-05,MRNA,sector_drop,buy,"Sector-adjusted drop -8.66% (stock -8.04%, XLV +0.61%)",47.44,48.22,win,pending,4.94,-5.85,5,
2026-06-05,MRNA,confluence,buy,"Confluence (2 strong signals): adjusted_drop, sector_drop",47.44,48.22,win,pending,4.94,-5.85,5,
2026-06-05,FCX,adjusted_drop,buy,"Market-adjusted drop -6.49% (stock -9.07%, market -2.58%)",63.37,64.61,win,pending,6.28,-4.46,5,
2026-06-05,FCX,sector_drop,buy,"Sector-adjusted drop -7.15% (stock -9.07%, XLB -1.92%)",63.37,64.61,win,pending,6.28,-4.46,5,
2026-06-05,FCX,confluence,buy,"Confluence (2 strong signals): adjusted_drop, sector_drop",63.37,64.61,win,pending,6.28,-4.46,5,
2026-06-05,ARM,adjusted_drop,buy,"Market-adjusted drop -10.26% (stock -12.84%, market -2.58%)",342.93,354.0,win,pending,4.61,-15.71,5,
2026-06-05,ARM,sector_drop,buy,"Sector-adjusted drop -6.18% (stock -12.84%, XLK -6.66%)",342.93,354.0,win,pending,4.61,-15.71,5,
2026-06-05,ARM,confluence,buy,"Confluence (2 strong signals): adjusted_drop, sector_drop",342.93,354.0,win,pending,4.61,-15.71,5,
2026-06-05,AMD,adjusted_drop,buy,"Market-adjusted drop -8.28% (stock -10.86%, market -2.58%)",466.38,485.0,win,pending,5.96,-9.85,5,
2026-05-26,ZM,confluence,buy,"Confluence (2 strong signals): adjusted_drop, sector_drop",100.09,99.44,win,win,-5.74,-9.21,4,4
2026-06-01,BBWI,adjusted_drop,buy,"Market-adjusted drop -7.22% (stock -6.94%, market +0.27%)",18.42,18.53,win,pending,4.96,-6.75,9,
2026-06-05,GFS,adjusted_drop,buy,"Market-adjusted drop -8.25% (stock -10.83%, market -2.58%)",75.53,78.76,win,pending,4.31,-10.51,5,
2026-06-10,U,sector_drop,buy,"Sector-adjusted drop -5.84% (stock -6.26%, XLC -0.42%)",26.66,26.2,win,pending,5.08,-1.64,2,
